category,url
Python-разработчик,https://hh.ru/resume/07344f620008fb2ef00039ed1f676a6e555453
Python-разработчик,https://hh.ru/resume/df52d6b50007ea04030039ed1f6d556b636a63
Python-разработчик,https://hh.ru/resume/7560f5c300074ed7f20039ed1f70534272426c
Python-разработчик,https://hh.ru/resume/43fe79c30007809e060039ed1f664b35706b61
Python-разработчик,https://hh.ru/resume/8bce02270008817d4c0039ed1f796a5959396a
Python-разработчик,https://hh.ru/resume/5616d44700091f48e40039ed1f535169474875
Python-разработчик,https://hh.ru/resume/d66d085a000239f3230039ed1f7158704d7468
Python-разработчик,https://hh.ru/resume/a9068ed90006a2a4040039ed1f4839474a3341
Python-разработчик,https://hh.ru/resume/50a3abf900081331330039ed1f654e586a3645
Python-разработчик,https://hh.ru/resume/63789139000232f32f0039ed1f334768326741
Python-разработчик,https://hh.ru/resume/3708517700085fa73e0039ed1f525a4370524c
Python-разработчик,https://hh.ru/resume/e9eb9c1a00013a98640039ed1f733238737957
Python-разработчик,https://hh.ru/resume/cace8dd500046cc4c40039ed1f4d78454b5862
Python-разработчик,https://hh.ru/resume/e1ba7f4d000715fe500039ed1f74726465374b
Python-разработчик,https://hh.ru/resume/5bb0030a0004e2d5580039ed1f447a5a646c75
Python-разработчик,https://hh.ru/resume/8fb2fb8d000280b0190039ed1f76344553714f
Python-разработчик,https://hh.ru/resume/92ddf4de00007132330039ed1f736563726574
Python-разработчик,https://hh.ru/resume/9ac7cb7b000073cdef0039ed1f736563726574
Python-разработчик,https://hh.ru/resume/b5fffeb70005126ccf0039ed1f304d556a794d
Python-разработчик,https://hh.ru/resume/747dc0670005d5a2e10039ed1f654549477562
Python-разработчик,https://hh.ru/resume/192591760001eda9d40039ed1f666a316a3041
Python-разработчик,https://hh.ru/resume/a85638810000467b420039ed1f736563726574
Python-разработчик,https://hh.ru/resume/e1b52c1d0007ab675d0039ed1f796f35515531
Python-разработчик,https://hh.ru/resume/fe74c44a000425594e0039ed1f416a5a303149
Python-разработчик,https://hh.ru/resume/76d7ce54000066edf80039ed1f736563726574
Python-разработчик,https://hh.ru/resume/1661b2a50005b81d310039ed1f62797069726d
Python-разработчик,https://hh.ru/resume/c020994c0000c732620039ed1f6b427576464f
Python-разработчик,https://hh.ru/resume/f2772bdd0008f58d810039ed1f535878477a68
Python-разработчик,https://hh.ru/resume/eb58644b0001f87d680039ed1f4454324d4b79
Python-разработчик,https://hh.ru/resume/1976e5d000012bcb260039ed1f664261713675
Python-разработчик,https://hh.ru/resume/0c325e76000606557a0039ed1f79623944476c
Python-разработчик,https://hh.ru/resume/22112bde0008a855350039ed1f657043474b75
Python-разработчик,https://hh.ru/resume/f72f0ccd00027b9b3f0039ed1f4c55686d6939
Python-разработчик,https://hh.ru/resume/cdb0d85a000527f3af0039ed1f4c686c753962
Python-разработчик,https://hh.ru/resume/12e9abd60002ec63b60039ed1f446247783837
Python-разработчик,https://hh.ru/resume/4896b36e0003af5f630039ed1f343961634939
Python-разработчик,https://hh.ru/resume/d83371b30000d8a87d0039ed1f4e7255587253
Python-разработчик,https://hh.ru/resume/9d94eb4e0001a3b2d20039ed1f357533344b64
Python-разработчик,https://hh.ru/resume/4e7a9946000304e2320039ed1f3978664b3234
Python-разработчик,https://hh.ru/resume/62af12a700006ae8760039ed1f736563726574
Python-разработчик,https://hh.ru/resume/7f1ee9fd0001fe20090039ed1f63694d614e4c
Python-разработчик,https://hh.ru/resume/72afa7e80001cc9a4e0039ed1f686d55435959
Python-разработчик,https://hh.ru/resume/1024542800057411970039ed1f703833676d43
Python-разработчик,https://hh.ru/resume/695f5fd200042354a00039ed1f6a5562736536
Python-разработчик,https://hh.ru/resume/847bf14a0005debcba0039ed1f696542325151
Python-разработчик,https://hh.ru/resume/5ca39ec600090f677d0039ed1f785876696c36
Python-разработчик,https://hh.ru/resume/85ddd2ee000020ce0c0039ed1f736563726574
Python-разработчик,https://hh.ru/resume/fed2d039000809849e0039ed1f757a72514935
Python-разработчик,https://hh.ru/resume/bb201b4f0007937a710039ed1f505833354269
Python-разработчик,https://hh.ru/resume/96db3a6000024d9faa0039ed1f75586d795035
Python-разработчик,https://hh.ru/resume/d20deb5c00074d77230039ed1f4f6555674e30
Python-разработчик,https://hh.ru/resume/4d52c6fe0004069a370039ed1f6c6a616d526a
Python-разработчик,https://hh.ru/resume/579e79530002c123970039ed1f734958756b30
Python-разработчик,https://hh.ru/resume/6d99c0b500075fffc40039ed1f4346305a4e43
Python-разработчик,https://hh.ru/resume/0337daf60006efabd50039ed1f467461674f71
Python-разработчик,https://hh.ru/resume/ebff1c5d0001caf99c0039ed1f69476641536e
Python-разработчик,https://hh.ru/resume/6539f4550002e8e3930039ed1f315a4b714435
Python-разработчик,https://hh.ru/resume/8b13c6690004b488900039ed1f444852644b35
Python-разработчик,https://hh.ru/resume/1d0468d600058be55e0039ed1f32414758714f
Python-разработчик,https://hh.ru/resume/305f49e40003f122350039ed1f794561365077
Python-разработчик,https://hh.ru/resume/be3233890001de805b0039ed1f565a53793572
Python-разработчик,https://hh.ru/resume/9698e05b00042544e90039ed1f437a32697448
Python-разработчик,https://hh.ru/resume/8881a59e0005099fb40039ed1f676a504a3779
Python-разработчик,https://hh.ru/resume/2d778c9500014cb2960039ed1f507a45465963
Python-разработчик,https://hh.ru/resume/d925eefc0000cafebb0039ed1f6e7a78306a4a
Python-разработчик,https://hh.ru/resume/2a4504d900038995180039ed1f73704a5a5837
Python-разработчик,https://hh.ru/resume/6d30bc1500058b5a6f0039ed1f6f6969693330
Python-разработчик,https://hh.ru/resume/d55ac6030000f5cc5a0039ed1f44666d413772
Python-разработчик,https://hh.ru/resume/1dd404fb0001b8b5340039ed1f664458516643
Python-разработчик,https://hh.ru/resume/a27871e70000ff77eb0039ed1f4a636174324f
Python-разработчик,https://hh.ru/resume/c4bfe6420000aaa0e40039ed1f736563726574
Python-разработчик,https://hh.ru/resume/ff5498180008c9602c0039ed1f6d3852396e75
Python-разработчик,https://hh.ru/resume/16feb73d0007465e890039ed1f374d55707a30
Python-разработчик,https://hh.ru/resume/a9fcad28000299f4670039ed1f614349386931
Python-разработчик,https://hh.ru/resume/c0ca1e280002dcb7c20039ed1f723047445474
Python-разработчик,https://hh.ru/resume/626f6f0800042203240039ed1f7638595a774a
Python-разработчик,https://hh.ru/resume/2211211d00091c0e710039ed1f61646e663151
Python-разработчик,https://hh.ru/resume/512b331d00063a04ce0039ed1f617247573158
Python-разработчик,https://hh.ru/resume/0f2182730007724ab90039ed1f7463336d7253
Python-разработчик,https://hh.ru/resume/02d2064b0000ca4c8f0039ed1f384155514379
Python-разработчик,https://hh.ru/resume/e3c5fd84000405b15b0039ed1f6b6333635a73
Python-разработчик,https://hh.ru/resume/9fe039ab00044203460039ed1f54625044526e
Python-разработчик,https://hh.ru/resume/41e06b610008977cc00039ed1f7437794d7533
Python-разработчик,https://hh.ru/resume/38892e3b00088af4a00039ed1f4e5a67567948
Python-разработчик,https://hh.ru/resume/d9a2008300078be6980039ed1f725a6f783178
Python-разработчик,https://hh.ru/resume/07ebdb4e00032c99f60039ed1f69383250705a
Python-разработчик,https://hh.ru/resume/07e56a8b0008d08c3a0039ed1f31796b686141
Python-разработчик,https://hh.ru/resume/68307bb30009083cb00039ed1f75505a6a5369
Python-разработчик,https://hh.ru/resume/1e89238800092156a10039ed1f314a59664746
Python-разработчик,https://hh.ru/resume/ec65a0e1000086a8280039ed1f736563726574
Python-разработчик,https://hh.ru/resume/45d879ba000464fb210039ed1f7736324a4173
Python-разработчик,https://hh.ru/resume/8f57db9100034b04bc0039ed1f4b4b734f7874
Python-разработчик,https://hh.ru/resume/36abb1a300065477190039ed1f49546f6f3543
Python-разработчик,https://hh.ru/resume/b339b8580007d81b480039ed1f774d3843494d
Python-разработчик,https://hh.ru/resume/9bdcfaec00046cd0830039ed1f756a386f4d43
Python-разработчик,https://hh.ru/resume/2c00fcc500023b046d0039ed1f745638716d41
Python-разработчик,https://hh.ru/resume/a9403d5e00009d82700039ed1f736563726574
Python-разработчик,https://hh.ru/resume/bd6e32f10001b9929a0039ed1f446877685847
Python-разработчик,https://hh.ru/resume/29cc7f8e00039f55fc0039ed1f7a3042447256
Python-разработчик,https://hh.ru/resume/3c51abc200075d8dc50039ed1f454836427334
Python-разработчик,https://hh.ru/resume/f687c4c00003f2233c0039ed1f367a6d6c6b70
Python-разработчик,https://hh.ru/resume/bedd1585000709b1630039ed1f493343496b58
Python-разработчик,https://hh.ru/resume/58f3b052000263bf6c0039ed1f376a6f495377
Python-разработчик,https://hh.ru/resume/c383d6c6000571b2a40039ed1f67756c6b3842
Python-разработчик,https://hh.ru/resume/61ccafd2000828026c0039ed1f596242367a46
Python-разработчик,https://hh.ru/resume/093d5af00000ec8eee0039ed1f746d54564131
Python-разработчик,https://hh.ru/resume/3eac394a0002b5d6630039ed1f74457755684b
Python-разработчик,https://hh.ru/resume/ccded2f30007b180ad0039ed1f593573504971
Python-разработчик,https://hh.ru/resume/86c1c04700075037800039ed1f4c3042676c37
Python-разработчик,https://hh.ru/resume/3b4a9352000216824a0039ed1f4944726a7875
Python-разработчик,https://hh.ru/resume/0eedb8c90008d2c6ce0039ed1f3261436c3532
Python-разработчик,https://hh.ru/resume/086c926e0004459e060039ed1f726f39483171
Python-разработчик,https://hh.ru/resume/a5dbf2d50002ee07170039ed1f673847586d66
Python-разработчик,https://hh.ru/resume/5802eb7b00021b62040039ed1f334e584c7272
Python-разработчик,https://hh.ru/resume/2f3add3e0008c97d000039ed1f6a46334d6f58
Python-разработчик,https://hh.ru/resume/6a5fca080000fd81750039ed1f533053515237
Python-разработчик,https://hh.ru/resume/836c03c00001d6d98e0039ed1f70734a496864
Python-разработчик,https://hh.ru/resume/495f6b5d0004280ad50039ed1f465567714e41
Python-разработчик,https://hh.ru/resume/2c52e44c00068b227f0039ed1f75706d6d6e44
Python-разработчик,https://hh.ru/resume/eea59ac9000428e9af0039ed1f3143415a3751
Python-разработчик,https://hh.ru/resume/52710799000243b28e0039ed1f435674653837
Python-разработчик,https://hh.ru/resume/fc86d16000028084b60039ed1f634555493174
Python-разработчик,https://hh.ru/resume/d2bac1bd0000b84adc0039ed1f736563726574
Python-разработчик,https://hh.ru/resume/a5f9e43e0008f9a9e10039ed1f393469796468
Python-разработчик,https://hh.ru/resume/137053b90003190b850039ed1f563869596678
Python-разработчик,https://hh.ru/resume/4c5085a1000823a0590039ed1f635865705254
Python-разработчик,https://hh.ru/resume/beaf667600043e02a00039ed1f443636627852
Python-разработчик,https://hh.ru/resume/820575490003b0e6f70039ed1f427869446d78
Python-разработчик,https://hh.ru/resume/f456f2c1000396348a0039ed1f477977494a70
Python-разработчик,https://hh.ru/resume/7c1b54ca0005f8c62c0039ed1f4e4374637536
Python-разработчик,https://hh.ru/resume/db6f1f4c00025915300039ed1f737061423235
Python-разработчик,https://hh.ru/resume/aea95be500009ab7510039ed1f736563726574
Python-разработчик,https://hh.ru/resume/9ab2e57c0006e934c10039ed1f4a4f704d3835
Python-разработчик,https://hh.ru/resume/e85379bd00008c66500039ed1f736563726574
Python-разработчик,https://hh.ru/resume/169eb58400032de3770039ed1f684c414b6542
Python-разработчик,https://hh.ru/resume/df52cd0d0001c89d070039ed1f776b416a5455
Python-разработчик,https://hh.ru/resume/bb4d96a20008ac03230039ed1f33365a576e4f
Python-разработчик,https://hh.ru/resume/f9393177000008a3970039ed1f736563726574
Python-разработчик,https://hh.ru/resume/fee622d20000aea98b0039ed1f736563726574
Python-разработчик,https://hh.ru/resume/e1f2d6ca00054918f50039ed1f736757573154
Python-разработчик,https://hh.ru/resume/75f50f2b0006af7a8a0039ed1f4b3063385974
Python-разработчик,https://hh.ru/resume/1a94ec9e00031bbcc40039ed1f684964747666
Python-разработчик,https://hh.ru/resume/fa5d121e00091a5f0f0039ed1f6e3863785972
Python-разработчик,https://hh.ru/resume/8de078cf0007ca7e5b0039ed1f54637059334c
Python-разработчик,https://hh.ru/resume/7496bfda00087c53f80039ed1f4c5979663145
Python-разработчик,https://hh.ru/resume/4d11c33e00051ccaba0039ed1f654b677a457a
Python-разработчик,https://hh.ru/resume/44cfc6680008a2f8920039ed1f3338336c3276
Python-разработчик,https://hh.ru/resume/4f85dfbc00091921840039ed1f6948426d6753
Python-разработчик,https://hh.ru/resume/f57c23b600091d6baf0039ed1f653938547053
Python-разработчик,https://hh.ru/resume/7d9ac3e10008e6c2f70039ed1f4c6e6b715773
Python-разработчик,https://hh.ru/resume/c624b93f000532d6ca0039ed1f79546b45684d
Python-разработчик,https://hh.ru/resume/c311ea560006103df00039ed1f6c6777594d4c
Python-разработчик,https://hh.ru/resume/3fd315af00084672de0039ed1f663250666648
Python-разработчик,https://hh.ru/resume/1f29c71100042b67c80039ed1f335477667852
Python-разработчик,https://hh.ru/resume/a7d629d1000728c4bc0039ed1f5a4a53654947
Python-разработчик,https://hh.ru/resume/dcac1bd100090384b10039ed1f4756524e494d
Python-разработчик,https://hh.ru/resume/19743c9e00014dba980039ed1f377151797054
Python-разработчик,https://hh.ru/resume/0775424200089a67160039ed1f476f786e7164
Python-разработчик,https://hh.ru/resume/684fc09a00004bb4ef0039ed1f736563726574
Python-разработчик,https://hh.ru/resume/a44f927a0004dbebd60039ed1f33366f4c6c65
Python-разработчик,https://hh.ru/resume/2df68919000836e5370039ed1f334b6f4e6167
Python-разработчик,https://hh.ru/resume/5f62871e0002a696450039ed1f307347697941
Python-разработчик,https://hh.ru/resume/b57b62100004042b9b0039ed1f64655a30487a
Python-разработчик,https://hh.ru/resume/689699d30001626ce50039ed1f747379476f6b
Python-разработчик,https://hh.ru/resume/85fa0e5000090897e50039ed1f33555a527778
Python-разработчик,https://hh.ru/resume/e37e2c640000b0489d0039ed1f736563726574
Python-разработчик,https://hh.ru/resume/78c6f31d00000167e30039ed1f736563726574
Python-разработчик,https://hh.ru/resume/53bbd7890008e8a1e10039ed1f4772546c3272
Python-разработчик,https://hh.ru/resume/9b59ae510003c217160039ed1f6c4c794b7439
Python-разработчик,https://hh.ru/resume/7538f7da000853c6800039ed1f357567327776
Python-разработчик,https://hh.ru/resume/149ca060000843b9290039ed1f325154457470
Python-разработчик,https://hh.ru/resume/073eb6060000b2d2570039ed1f736563726574
Python-разработчик,https://hh.ru/resume/725a4f130007e62a660039ed1f59435a454161
Python-разработчик,https://hh.ru/resume/3538db7300065fdda30039ed1f544c64684e34
Python-разработчик,https://hh.ru/resume/4ee3b03c000097ff490039ed1f736563726574
Python-разработчик,https://hh.ru/resume/f6f0cbde0001ec4f990039ed1f364c4b724438
Python-разработчик,https://hh.ru/resume/8dc5c85800027543cc0039ed1f6378724a3349
Python-разработчик,https://hh.ru/resume/16b3151700042a1ef40039ed1f763677776841
Python-разработчик,https://hh.ru/resume/49eb0bd400027ae0290039ed1f6d6c4f513956
Python-разработчик,https://hh.ru/resume/a4f45dc300010358640039ed1f573868717647
Python-разработчик,https://hh.ru/resume/0c218f660002c9d0820039ed1f61337a764967
Python-разработчик,https://hh.ru/resume/ffa51f7c000363bbae0039ed1f6a6170344f68
Python-разработчик,https://hh.ru/resume/e35940500007d749fb0039ed1f4c5177674954
Python-разработчик,https://hh.ru/resume/57607d4f0003df9af10039ed1f656d486f3448
Python-разработчик,https://hh.ru/resume/d78f76ff00085c33c70039ed1f616f63624f65
Python-разработчик,https://hh.ru/resume/bcb5f0eb000239ae290039ed1f3831336d7547
Python-разработчик,https://hh.ru/resume/bd6a85430008a5db970039ed1f524e70727830
Python-разработчик,https://hh.ru/resume/8298855e0003e536940039ed1f61744f67536f
Python-разработчик,https://hh.ru/resume/24a6db4c0003b703a60039ed1f4e3246764d52
Python-разработчик,https://hh.ru/resume/36dfcf05000852dc6c0039ed1f6c75346a6a61
Python-разработчик,https://hh.ru/resume/17cc04bd0003040b310039ed1f773955447873
Python-разработчик,https://hh.ru/resume/9de6d4150005e3afaf0039ed1f346b5873354e
Python-разработчик,https://hh.ru/resume/723cf9080008a831d80039ed1f663549416d74
Python-разработчик,https://hh.ru/resume/e1b4c9c10003e5aa240039ed1f655a744e7862
Python-разработчик,https://hh.ru/resume/a073b19f00056041010039ed1f4566624f7162
Python-разработчик,https://hh.ru/resume/d3ab23300007d18ebd0039ed1f6c4752564243
Python-разработчик,https://hh.ru/resume/935991bf000720fa8f0039ed1f4f365a783738
Python-разработчик,https://hh.ru/resume/359be87000032ded650039ed1f646a44784764
Python-разработчик,https://hh.ru/resume/b317201300036934fb0039ed1f4e486477414c
Python-разработчик,https://hh.ru/resume/db619e5100027e153d0039ed1f6b6261617856
Python-разработчик,https://hh.ru/resume/7e4b7c91000586219c0039ed1f526d62573166
Python-разработчик,https://hh.ru/resume/5f2236c60008cd100e0039ed1f4d7951504269
Python-разработчик,https://hh.ru/resume/af3c2d9000074227390039ed1f59574966634f
Python-разработчик,https://hh.ru/resume/1d4b91200008509bfc0039ed1f5a6752543738
Python-разработчик,https://hh.ru/resume/171aaa27000521bf750039ed1f4a3355334b30
Python-разработчик,https://hh.ru/resume/57e35bf100069d9f830039ed1f703466666e48
Python-разработчик,https://hh.ru/resume/0c2272da0008f87d120039ed1f564c6f713262
Python-разработчик,https://hh.ru/resume/aa44d8920005ace7520039ed1f45775052776c
Python-разработчик,https://hh.ru/resume/d69884be0003e2f8a70039ed1f375a436a4b4f
Python-разработчик,https://hh.ru/resume/41e179360001dfe5080039ed1f64346a343639
Python-разработчик,https://hh.ru/resume/773415e800009816bf0039ed1f736563726574
Python-разработчик,https://hh.ru/resume/7c278b9900030d7d430039ed1f4a7742723962
Python-разработчик,https://hh.ru/resume/cac2b2da00033d6afb0039ed1f317356726d76
Python-разработчик,https://hh.ru/resume/91d3244600050264030039ed1f6c336157316a
Python-разработчик,https://hh.ru/resume/be952fd60008b3abec0039ed1f64364c59394a
Python-разработчик,https://hh.ru/resume/7abf2ef8000909a3890039ed1f4d7736676656
Python-разработчик,https://hh.ru/resume/e4d294b2000714d6a30039ed1f704d64797276
Python-разработчик,https://hh.ru/resume/0861c6410008686e190039ed1f79636e514274
Python-разработчик,https://hh.ru/resume/e142604300013aa98d0039ed1f774365666d64
Python-разработчик,https://hh.ru/resume/fa61b0ba0007f7dd3a0039ed1f683938334831
Python-разработчик,https://hh.ru/resume/f40a998e000396b7700039ed1f386f61655644
Python-разработчик,https://hh.ru/resume/5454803c00009a8aba0039ed1f736563726574
Python-разработчик,https://hh.ru/resume/a65a9a4a0003a4347d0039ed1f51466a446e32
Python-разработчик,https://hh.ru/resume/a014e9410003b9ebcc0039ed1f4f59686e7948
Python-разработчик,https://hh.ru/resume/7e879d6400059b14670039ed1f5466674d6a6b
Python-разработчик,https://hh.ru/resume/d541f13d000622f52b0039ed1f6a71614c544f
Python-разработчик,https://hh.ru/resume/15e91482000036f5540039ed1f736563726574
Python-разработчик,https://hh.ru/resume/a28f511f0001ad49980039ed1f6f3052616764
Python-разработчик,https://hh.ru/resume/94475ba8000767a6230039ed1f4b454a6c3073
Python-разработчик,https://hh.ru/resume/05bcb3b90005d7f42e0039ed1f35466571526b
Python-разработчик,https://hh.ru/resume/b037c28100043e24e80039ed1f504447704e77
Python-разработчик,https://hh.ru/resume/f0c61d5600031694b90039ed1f794269697362
Python-разработчик,https://hh.ru/resume/033aa5560002cc2cd50039ed1f3678506a6942
Python-разработчик,https://hh.ru/resume/50292e9700016ac5a30039ed1f477a47537242
Python-разработчик,https://hh.ru/resume/97e8ba2500058e7b220039ed1f56515a71336c
Python-разработчик,https://hh.ru/resume/488ef22b0007e7151d0039ed1f743756444354
Python-разработчик,https://hh.ru/resume/811fcece0004375c840039ed1f797155623677
Python-разработчик,https://hh.ru/resume/07dfe17700044175d00039ed1f384334504b38
Python-разработчик,https://hh.ru/resume/39624c610008be42d00039ed1f6f396251766a
Python-разработчик,https://hh.ru/resume/0b4f70280002cfa32b0039ed1f6973326d416b
Python-разработчик,https://hh.ru/resume/e17933ea00001434e70039ed1f736563726574
Python-разработчик,https://hh.ru/resume/61d720cb00005cf6b40039ed1f736563726574
Python-разработчик,https://hh.ru/resume/b7f4aab100091391dc0039ed1f325765704441
Python-разработчик,https://hh.ru/resume/03813e030001f362920039ed1f587a666d466d
Python-разработчик,https://hh.ru/resume/d7589541000168a9ed0039ed1f66326b353571
Python-разработчик,https://hh.ru/resume/9cb06ef7000193ceb70039ed1f55583548526c
Python-разработчик,https://hh.ru/resume/1968b4ea000714bcef0039ed1f766e64707448
Python-разработчик,https://hh.ru/resume/073d3c350005fc2aff0039ed1f543974474f52
Python-разработчик,https://hh.ru/resume/f85925ed00028e09be0039ed1f343744636669
Python-разработчик,https://hh.ru/resume/099813080003800ede0039ed1f79516a355971
Python-разработчик,https://hh.ru/resume/fbb702b700006758e20039ed1f736563726574
Python-разработчик,https://hh.ru/resume/e491eb310003d697ce0039ed1f657743415262
Python-разработчик,https://hh.ru/resume/b970ecd4000165648c0039ed1f796f7272635a
Python-разработчик,https://hh.ru/resume/9baf752500030664460039ed1f6f4655464d42
Python-разработчик,https://hh.ru/resume/f694325c00072745540039ed1f6b6d35787556
Python-разработчик,https://hh.ru/resume/c960b1ce0008c218f00039ed1f597870413941
Python-разработчик,https://hh.ru/resume/db09a3e300051cdae00039ed1f6e3151497a4d
Python-разработчик,https://hh.ru/resume/9a5e9c8c000843b6db0039ed1f767834526939
Python-разработчик,https://hh.ru/resume/0254457f00008f5b3c0039ed1f736563726574
Python-разработчик,https://hh.ru/resume/18edb97300018b78070039ed1f6c7359466c73
Python-разработчик,https://hh.ru/resume/805947fe00043f7c540039ed1f623952795677
Python-разработчик,https://hh.ru/resume/dd96a8020005d9ff690039ed1f744451494c55
Python-разработчик,https://hh.ru/resume/d0cf4d0c00033b75af0039ed1f41513876554a
Python-разработчик,https://hh.ru/resume/0724e46c00003fc0270039ed1f736563726574
Python-разработчик,https://hh.ru/resume/0a56646e0003142cab0039ed1f6b5468686952
Python-разработчик,https://hh.ru/resume/41cee39f0001bc82ac0039ed1f357567335130
Python-разработчик,https://hh.ru/resume/cc14cc48000527ce990039ed1f53534c6c6345
Python-разработчик,https://hh.ru/resume/5222ff650007e1fae10039ed1f4c664641656f
Python-разработчик,https://hh.ru/resume/b5bd1ef6000917804e0039ed1f483466796348
Python-разработчик,https://hh.ru/resume/bed28522000113a9b90039ed1f4377324b777a
Python-разработчик,https://hh.ru/resume/c37a2ede00017b46ec0039ed1f786853695031
Python-разработчик,https://hh.ru/resume/0fee99c50004217f480039ed1f6f486f566358
Python-разработчик,https://hh.ru/resume/f4b06be10002cad0990039ed1f4e6238616357
Python-разработчик,https://hh.ru/resume/064ddb1300021603620039ed1f555551735644
Python-разработчик,https://hh.ru/resume/81fb4ccd00073f8e340039ed1f413976463154
Python-разработчик,https://hh.ru/resume/911971190002e043210039ed1f4439696e7651
Python-разработчик,https://hh.ru/resume/e5d656790000f327780039ed1f6939536a4d62
Python-разработчик,https://hh.ru/resume/d3ad4fc000036736420039ed1f45426f7a6450
Python-разработчик,https://hh.ru/resume/a1a9b43d000427d6170039ed1f4d636a587370
Python-разработчик,https://hh.ru/resume/e307f42200031ed1a60039ed1f346f4d6c707a
Python-разработчик,https://hh.ru/resume/892db18a00016001950039ed1f4b4467394168
Python-разработчик,https://hh.ru/resume/64e13ac9000382ceb40039ed1f6a365166456d
Python-разработчик,https://hh.ru/resume/de0912b30008b490e50039ed1f4d4c51725943
Python-разработчик,https://hh.ru/resume/1c33b36900009b6e9c0039ed1f736563726574
Python-разработчик,https://hh.ru/resume/293aebe200025cf2ce0039ed1f74784b303549
Python-разработчик,https://hh.ru/resume/a01ec03300068619290039ed1f705278785154
Python-разработчик,https://hh.ru/resume/83ca90f70000cb63450039ed1f795334513562
Python-разработчик,https://hh.ru/resume/0844ba0f0000fcb9490039ed1f557743645671
Python-разработчик,https://hh.ru/resume/c87a31430008363f000039ed1f574345575372
Python-разработчик,https://hh.ru/resume/30d0ff2e000422b5e40039ed1f583836663345
Python-разработчик,https://hh.ru/resume/2da6abe200021ca56c0039ed1f7979436a3279
Python-разработчик,https://hh.ru/resume/b3e3740e000450e6290039ed1f754755566c41
Python-разработчик,https://hh.ru/resume/3ff0fc7400017cf4240039ed1f5a706a774258
Python-разработчик,https://hh.ru/resume/3f015a2b0006fcd5e90039ed1f44736c31536d
Python-разработчик,https://hh.ru/resume/f08b93db000781778f0039ed1f4a41626d6f78
Python-разработчик,https://hh.ru/resume/232d83850001ce8f880039ed1f695463444d5a
Python-разработчик,https://hh.ru/resume/70893d2a0003ffa9ea0039ed1f504a374d524b
Python-разработчик,https://hh.ru/resume/714431c300040a790e0039ed1f584f544f4477
Python-разработчик,https://hh.ru/resume/99f9cc8d0004da4b410039ed1f745946315a53
Python-разработчик,https://hh.ru/resume/82ac4e8400020e03a10039ed1f734951677431
Python-разработчик,https://hh.ru/resume/179a8d3a0000815cc20039ed1f736563726574
Python-разработчик,https://hh.ru/resume/70a3adbe000327952d0039ed1f5a3751344959
Python-разработчик,https://hh.ru/resume/2678f7dd00053aaf140039ed1f5a476f307447
Python-разработчик,https://hh.ru/resume/693322e700030e5f030039ed1f6f4c5041466e
Python-разработчик,https://hh.ru/resume/705a0a4a0008b2f9ee0039ed1f6b3861507763
Python-разработчик,https://hh.ru/resume/ac81eb68000473a9d80039ed1f6a56544f664a
Python-разработчик,https://hh.ru/resume/449d0eff0002f476070039ed1f724b39556c45
Python-разработчик,https://hh.ru/resume/83d962ac0003f87abb0039ed1f564b71683132
Python-разработчик,https://hh.ru/resume/30ea4cac0003588cd40039ed1f764671565256
Python-разработчик,https://hh.ru/resume/905d51820003c7b1d30039ed1f5a765451644d
Python-разработчик,https://hh.ru/resume/a144c3e40001a53e230039ed1f6c7167646b54
Python-разработчик,https://hh.ru/resume/de7c43af000460be290039ed1f396259553458
Python-разработчик,https://hh.ru/resume/63ac6ff10000df375f0039ed1f7a7255715277
Python-разработчик,https://hh.ru/resume/916aa8590002cc9d860039ed1f6c5241324952
Python-разработчик,https://hh.ru/resume/93b8e21200007e513c0039ed1f736563726574
Python-разработчик,https://hh.ru/resume/56ba50fc0006ae3db70039ed1f4e3472775758
Python-разработчик,https://hh.ru/resume/3090d18500001158220039ed1f736563726574
Python-разработчик,https://hh.ru/resume/daaec8f90007b188020039ed1f6c3048527650
Python-разработчик,https://hh.ru/resume/47264fae0003aeb1a30039ed1f496a65666f47
Python-разработчик,https://hh.ru/resume/bdc376d600074e7f5a0039ed1f454c41333475
Python-разработчик,https://hh.ru/resume/8d9f28730001aede720039ed1f77396d53474b
Python-разработчик,https://hh.ru/resume/8c4bb88a0000d70b2a0039ed1f787a32756261
Python-разработчик,https://hh.ru/resume/e0c8c07c000563e6450039ed1f646243374641
Python-разработчик,https://hh.ru/resume/430e868f00089df81b0039ed1f33546a345853
Python-разработчик,https://hh.ru/resume/f40443b9000637719d0039ed1f417630463652
Python-разработчик,https://hh.ru/resume/ce84b01c00059256c80039ed1f7a70624d656d
Python-разработчик,https://hh.ru/resume/6554f5e80005aa6d790039ed1f777354485979
Python-разработчик,https://hh.ru/resume/56011a6c000809f2840039ed1f456e48334773
Python-разработчик,https://hh.ru/resume/f958227100044e03e70039ed1f364662656365
Python-разработчик,https://hh.ru/resume/5368145600030b31430039ed1f495a32686566
Python-разработчик,https://hh.ru/resume/147bef560007fc44510039ed1f437578335262
Python-разработчик,https://hh.ru/resume/821b09ab0005359a640039ed1f595a4b495050
Python-разработчик,https://hh.ru/resume/aa1ad189000573796d0039ed1f426b62644676
Python-разработчик,https://hh.ru/resume/ddb555e6000735c3320039ed1f647444507643
Python-разработчик,https://hh.ru/resume/a4a9c53600042bfe170039ed1f6a4e31465975
Python-разработчик,https://hh.ru/resume/e34a967800070d4f1b0039ed1f4e5770626973
Python-разработчик,https://hh.ru/resume/d2599cd000052c39a90039ed1f56644763564b
Python-разработчик,https://hh.ru/resume/7b982eb400052658590039ed1f545534425264
Python-разработчик,https://hh.ru/resume/8ea79b850008f908230039ed1f574335796530
Python-разработчик,https://hh.ru/resume/c8f475230008e1449e0039ed1f73724a335558
Python-разработчик,https://hh.ru/resume/0406e0e10008643bea0039ed1f357863575759
Python-разработчик,https://hh.ru/resume/b8d6263a0008322a020039ed1f586466666656
Python-разработчик,https://hh.ru/resume/b43da9fc0003d551bc0039ed1f3831314b3131
Python-разработчик,https://hh.ru/resume/fe11718200003084890039ed1f736563726574
Python-разработчик,https://hh.ru/resume/33d204b3000863ed1b0039ed1f486f52697978
Python-разработчик,https://hh.ru/resume/74ef92770000e1e6b90039ed1f397458306b54
Python-разработчик,https://hh.ru/resume/4fb00358000715e4510039ed1f673967705646
Python-разработчик,https://hh.ru/resume/936f24a90001ada4000039ed1f4f794e6c336e
Python-разработчик,https://hh.ru/resume/db1ac620000216bed60039ed1f64615a386f5a
Python-разработчик,https://hh.ru/resume/923b36b30004f8c5a10039ed1f67355270314f
Python-разработчик,https://hh.ru/resume/e17cf7bd00087e638b0039ed1f716565577178
Python-разработчик,https://hh.ru/resume/9f4451d20008e137480039ed1f6e6233576b61
Python-разработчик,https://hh.ru/resume/29c348910002487e500039ed1f4b5277694d79
Python-разработчик,https://hh.ru/resume/c277bc2a000464e70b0039ed1f74356d416932
Python-разработчик,https://hh.ru/resume/d69c132f00031ff4de0039ed1f7a7943425779
Python-разработчик,https://hh.ru/resume/b0bc64a80002df44d90039ed1f396f61664a59
Python-разработчик,https://hh.ru/resume/804a7f58000017f4b30039ed1f736563726574
Python-разработчик,https://hh.ru/resume/158d27a10003a935aa0039ed1f726741355464
Python-разработчик,https://hh.ru/resume/aac868730000f17d950039ed1f4f7569343347
Python-разработчик,https://hh.ru/resume/3e097f850008cfdff70039ed1f39356b4c416c
Python-разработчик,https://hh.ru/resume/1a437d4a00017796fc0039ed1f473334534867
Python-разработчик,https://hh.ru/resume/4a81d1690008ac4c580039ed1f483061574879
Python-разработчик,https://hh.ru/resume/a59cf055000278fcfb0039ed1f613645723944
Python-разработчик,https://hh.ru/resume/3a161f3300008b90aa0039ed1f736563726574
Python-разработчик,https://hh.ru/resume/2ead4d0f00008a56410039ed1f736563726574
Python-разработчик,https://hh.ru/resume/0acbe90a000803ea5b0039ed1f734d546e6e6e
Python-разработчик,https://hh.ru/resume/25de787f00028478260039ed1f476844496246
Python-разработчик,https://hh.ru/resume/bdfe237200060e9b070039ed1f7a456b6a316f
Python-разработчик,https://hh.ru/resume/2cc94aac0008ce36e90039ed1f663770386f68
Python-разработчик,https://hh.ru/resume/ce8eeb5b0009156b2c0039ed1f33516e316d65
Python-разработчик,https://hh.ru/resume/f0efecb8000817e3760039ed1f6237776f7466
Python-разработчик,https://hh.ru/resume/bb295d8a0000c070a00039ed1f547950314748
Python-разработчик,https://hh.ru/resume/04bb9d46000837a4450039ed1f6b3030396965
Python-разработчик,https://hh.ru/resume/964e972c0003fc3d440039ed1f586f39516557
Python-разработчик,https://hh.ru/resume/67ec86b40008fc5e4d0039ed1f63684d495139
Python-разработчик,https://hh.ru/resume/993bd0980002dd6cff0039ed1f6f6651625a59
Python-разработчик,https://hh.ru/resume/acc91592000857af9e0039ed1f4834466e4433
Python-разработчик,https://hh.ru/resume/3e78128f0002d3097a0039ed1f7a4b587a4b6b
Python-разработчик,https://hh.ru/resume/e8f2fc530006bbbd040039ed1f32325a7a5867
Python-разработчик,https://hh.ru/resume/75742a050000a564890039ed1f736563726574
Python-разработчик,https://hh.ru/resume/59e89a010008e9c48b0039ed1f457544703248
Python-разработчик,https://hh.ru/resume/579a75670006e8c56e0039ed1f3043514a4244
Python-разработчик,https://hh.ru/resume/ddf84bf40000ae4a810039ed1f736563726574
Python-разработчик,https://hh.ru/resume/777ee5ba000216494f0039ed1f3835486a7954
Python-разработчик,https://hh.ru/resume/9ea8aee50002b97ee40039ed1f5979464c4646
Python-разработчик,https://hh.ru/resume/833029eb00026c09770039ed1f335975676f4c
Python-разработчик,https://hh.ru/resume/c0c50af200028391cc0039ed1f75756d654538
Python-разработчик,https://hh.ru/resume/2bbda8df000661d4270039ed1f796c3150764e
Python-разработчик,https://hh.ru/resume/cdd1f8350008f630590039ed1f57486a766549
Python-разработчик,https://hh.ru/resume/3d60a4ca00058951200039ed1f79676f6d4b76
Python-разработчик,https://hh.ru/resume/6313e5cb000034df040039ed1f736563726574
Python-разработчик,https://hh.ru/resume/012453f00008250e690039ed1f61367a787a6f
Python-разработчик,https://hh.ru/resume/b609d5090002e4bc680039ed1f306e4f414e36
Python-разработчик,https://hh.ru/resume/c1370829000004a1070039ed1f736563726574
Python-разработчик,https://hh.ru/resume/475527c000079c197d0039ed1f495876543032
Python-разработчик,https://hh.ru/resume/086ded0f0005ac09ed0039ed1f353768703457
Python-разработчик,https://hh.ru/resume/2957fb640007ebb7e40039ed1f303879354d35
Python-разработчик,https://hh.ru/resume/4cc773db0005dfa9010039ed1f344871477435
Python-разработчик,https://hh.ru/resume/b028b83d0007acad630039ed1f595152756f6c
Python-разработчик,https://hh.ru/resume/0332b8fa00026a89cc0039ed1f424f4a526670
Frontend-разработчик,https://hh.ru/resume/852b4a8400072624ae0039ed1f44797665614f
Frontend-разработчик,https://hh.ru/resume/161098a60001ad6cf20039ed1f6c367a5a6670
Frontend-разработчик,https://hh.ru/resume/8a114dde0001fc10d60039ed1f45614f727472
Frontend-разработчик,https://hh.ru/resume/c12f279600091196c20039ed1f746263567056
Frontend-разработчик,https://hh.ru/resume/46c0960b00018036520039ed1f3473784a4769
Frontend-разработчик,https://hh.ru/resume/c8c276220008a7e33e0039ed1f677449565634
Frontend-разработчик,https://hh.ru/resume/9b3b8aed0001faae9a0039ed1f414f7734367a
Frontend-разработчик,https://hh.ru/resume/24b0e5990007c972d60039ed1f4534366a7376
Frontend-разработчик,https://hh.ru/resume/14dad70900083f3c560039ed1f4163666b5346
Frontend-разработчик,https://hh.ru/resume/defd35800003fa9f760039ed1f68676b386b73
Frontend-разработчик,https://hh.ru/resume/b8da2f1d000857eade0039ed1f4e6650434c45
Frontend-разработчик,https://hh.ru/resume/8796c4960007cc68070039ed1f3579574c586b
Frontend-разработчик,https://hh.ru/resume/c4ccb94900055b29b80039ed1f485139777676
Frontend-разработчик,https://hh.ru/resume/867c81710001cb5b620039ed1f4a58334e5235
Frontend-разработчик,https://hh.ru/resume/f6eef68500002ca4430039ed1f736563726574
Frontend-разработчик,https://hh.ru/resume/d87240420007c5c7570039ed1f6243774a3644
Frontend-разработчик,https://hh.ru/resume/e51e26a30005d129000039ed1f463836357370
Frontend-разработчик,https://hh.ru/resume/f8a36bbc00040ec1b10039ed1f5a4d51637a6f
Frontend-разработчик,https://hh.ru/resume/71f9d8ef00084f96fe0039ed1f30734f555742
Frontend-разработчик,https://hh.ru/resume/eab217c4000765fb620039ed1f4b6237706c7a
Frontend-разработчик,https://hh.ru/resume/c3f8f0d700074ed1640039ed1f74636e66754f
Frontend-разработчик,https://hh.ru/resume/25aa8bc300002c9af50039ed1f736563726574
Frontend-разработчик,https://hh.ru/resume/2e2da94200024544bf0039ed1f364445467a33
Frontend-разработчик,https://hh.ru/resume/e15da5b50008229e800039ed1f4e6c43787936
Frontend-разработчик,https://hh.ru/resume/b3c0533c0002338aad0039ed1f55557156564e
Frontend-разработчик,https://hh.ru/resume/1a12cb6e00067dd60e0039ed1f356763626b6b
Frontend-разработчик,https://hh.ru/resume/a39ed2ef0002c185620039ed1f527731533845
Frontend-разработчик,https://hh.ru/resume/24bd884100025d56970039ed1f66515145456e
Frontend-разработчик,https://hh.ru/resume/21e0bf7600008521bd0039ed1f736563726574
Frontend-разработчик,https://hh.ru/resume/b42debfb0008e127620039ed1f4f7a56714373
Frontend-разработчик,https://hh.ru/resume/ae22e29400041a61820039ed1f516f49486373
Frontend-разработчик,https://hh.ru/resume/d520678e000351a59f0039ed1f5335537a7a49
Frontend-разработчик,https://hh.ru/resume/c11d1dcf0007725ba80039ed1f596b78633258
Frontend-разработчик,https://hh.ru/resume/5693e426000836f6a80039ed1f595072627257
Frontend-разработчик,https://hh.ru/resume/0cc2a618000351355e0039ed1f5465564a3532
Frontend-разработчик,https://hh.ru/resume/f4b57ad40001a9e39b0039ed1f694f4b563152
Frontend-разработчик,https://hh.ru/resume/56baa13900034ae57f0039ed1f4b4e5834417a
Frontend-разработчик,https://hh.ru/resume/cc994c0600007b46040039ed1f736563726574
Frontend-разработчик,https://hh.ru/resume/a5edbf82000826550a0039ed1f4b664d324a33
Frontend-разработчик,https://hh.ru/resume/4ff373a30001c5cd0c0039ed1f575176795467
Frontend-разработчик,https://hh.ru/resume/b0979f5d0007fd91c50039ed1f555545687668
Frontend-разработчик,https://hh.ru/resume/6a9f62300008d136860039ed1f4757764e6169
Frontend-разработчик,https://hh.ru/resume/b872af3f000130f6b30039ed1f4e7069433448
Frontend-разработчик,https://hh.ru/resume/3fda944b000227478c0039ed1f616248434662
Frontend-разработчик,https://hh.ru/resume/41eefcc50000be9b2a0039ed1f734b6b425770
Frontend-разработчик,https://hh.ru/resume/847ba7d10007eda0810039ed1f6f437073766f
Frontend-разработчик,https://hh.ru/resume/b0855f2a00051299140039ed1f334959354e73
Frontend-разработчик,https://hh.ru/resume/0199d7620000a36e8e0039ed1f736563726574
Frontend-разработчик,https://hh.ru/resume/1a052c1a000760086f0039ed1f385546664d4e
Frontend-разработчик,https://hh.ru/resume/0d65dbc70006dfae150039ed1f56356c677346
Frontend-разработчик,https://hh.ru/resume/d0b103ad0002fe034f0039ed1f44594c6b324f
Frontend-разработчик,https://hh.ru/resume/471ce758000919c17c0039ed1f656c69574551
Frontend-разработчик,https://hh.ru/resume/5493126600014d51cc0039ed1f5a674e414e39
Frontend-разработчик,https://hh.ru/resume/ae1c6cb20002c91e230039ed1f51516a624935
Frontend-разработчик,https://hh.ru/resume/4f40a60d000157cea20039ed1f554871686a62
Frontend-разработчик,https://hh.ru/resume/0e25e72f0002ddf5ae0039ed1f6f6954436c56
Frontend-разработчик,https://hh.ru/resume/0bb3f9cf000518be250039ed1f417252544f43
Frontend-разработчик,https://hh.ru/resume/aa584c30000761bdd00039ed1f6157494c3049
Frontend-разработчик,https://hh.ru/resume/3c5048b80008c062de0039ed1f516776367962
Frontend-разработчик,https://hh.ru/resume/794d372d0000b3580e0039ed1f736563726574
Frontend-разработчик,https://hh.ru/resume/ce653ab70004ce78bb0039ed1f64457735687a
Frontend-разработчик,https://hh.ru/resume/05666ae30000dade620039ed1f347153627857
Frontend-разработчик,https://hh.ru/resume/90d2c899000612cf9f0039ed1f777872306158
Frontend-разработчик,https://hh.ru/resume/97c191a1000850d8c50039ed1f31534766434a
Frontend-разработчик,https://hh.ru/resume/78a1ce9d000007eae70039ed1f736563726574
Frontend-разработчик,https://hh.ru/resume/32cb470f00025d49d00039ed1f514b4a37767a
Frontend-разработчик,https://hh.ru/resume/b5c58acd00087afad00039ed1f44426a4a5835
Frontend-разработчик,https://hh.ru/resume/d8b86fa600083957160039ed1f616d79415462
Frontend-разработчик,https://hh.ru/resume/0908150200015b2b330039ed1f774556567741
Frontend-разработчик,https://hh.ru/resume/9ee7dbea0008a813710039ed1f445665666b55
Frontend-разработчик,https://hh.ru/resume/456c43ce000098b2990039ed1f736563726574
Frontend-разработчик,https://hh.ru/resume/c7378dbd0002efcbf50039ed1f394d4e544d4c
Frontend-разработчик,https://hh.ru/resume/555dbb910008f09d7a0039ed1f316277794631
Frontend-разработчик,https://hh.ru/resume/79637c1c00002c5ff00039ed1f736563726574
Frontend-разработчик,https://hh.ru/resume/d50f5ec30007872e2a0039ed1f4b4b58594666
Frontend-разработчик,https://hh.ru/resume/6223e801000882efef0039ed1f7052314a3372
Frontend-разработчик,https://hh.ru/resume/521f570f00062ddad00039ed1f635234655a54
Frontend-разработчик,https://hh.ru/resume/95f4c93b000664b9520039ed1f624131654878
Frontend-разработчик,https://hh.ru/resume/8532df5f000029648b0039ed1f736563726574
Frontend-разработчик,https://hh.ru/resume/14c806ce0002af04af0039ed1f7a6467725934
Frontend-разработчик,https://hh.ru/resume/543ce28600019aaae20039ed1f425174623967
Frontend-разработчик,https://hh.ru/resume/8b9fdd050007cbde7b0039ed1f72646c546350
Frontend-разработчик,https://hh.ru/resume/253c599d00077a234c0039ed1f7973316d5549
Frontend-разработчик,https://hh.ru/resume/7ce680c80001ce731e0039ed1f7262774a3068
Frontend-разработчик,https://hh.ru/resume/895f5b460001ceba120039ed1f4d7268456875
Frontend-разработчик,https://hh.ru/resume/ce4c960900024d81520039ed1f387a476b5346
Frontend-разработчик,https://hh.ru/resume/8cca44e700043793320039ed1f573866656d51
Frontend-разработчик,https://hh.ru/resume/c6a4fa8500028c4e8a0039ed1f516f39467062
Frontend-разработчик,https://hh.ru/resume/92b6c4da000905b8bc0039ed1f394e616e5665
Frontend-разработчик,https://hh.ru/resume/1ea74ac80008ca74420039ed1f4c6668626d35
Frontend-разработчик,https://hh.ru/resume/9febe032000398bba60039ed1f636937667566
Frontend-разработчик,https://hh.ru/resume/a3e7ddb8000290c7a30039ed1f49765a353570
Frontend-разработчик,https://hh.ru/resume/88a1fcb90005e496650039ed1f475a4e544d47
Frontend-разработчик,https://hh.ru/resume/669dcdb2000913433a0039ed1f4c6236755632
Frontend-разработчик,https://hh.ru/resume/0df23e6d000533968e0039ed1f3074476c426c
Frontend-разработчик,https://hh.ru/resume/8e98e82d0004fe34350039ed1f42784533316c
Frontend-разработчик,https://hh.ru/resume/219a41e0000285d3d30039ed1f3474386c5a46
Frontend-разработчик,https://hh.ru/resume/e7bc7389000710623c0039ed1f3173506f784f
Frontend-разработчик,https://hh.ru/resume/f120326d0004348b990039ed1f5a7745373241
Frontend-разработчик,https://hh.ru/resume/c7f3fc3f00045373f10039ed1f6e5135564751
Frontend-разработчик,https://hh.ru/resume/9b45918c000113fb4e0039ed1f3938704e5841
Frontend-разработчик,https://hh.ru/resume/2c62388f0003397a630039ed1f7a574c664a5a
Frontend-разработчик,https://hh.ru/resume/eecd2912000235a2030039ed1f424631427352
Frontend-разработчик,https://hh.ru/resume/82f6a3230000cc2dfb0039ed1f566d304a4a30
Frontend-разработчик,https://hh.ru/resume/38a1654c000674c36e0039ed1f38724b4c6b65
Frontend-разработчик,https://hh.ru/resume/3cfab6fc000846c7d90039ed1f6f6234727648
Frontend-разработчик,https://hh.ru/resume/cd1ee40a0009263b960039ed1f65724f433066
Frontend-разработчик,https://hh.ru/resume/fcdb46d80001d5ba4c0039ed1f707447636e44
Frontend-разработчик,https://hh.ru/resume/fae56a8900034164210039ed1f614d4f536273
Frontend-разработчик,https://hh.ru/resume/767206640002c042960039ed1f425339713031
Frontend-разработчик,https://hh.ru/resume/2a778df60007f584dd0039ed1f696c52584a57
Frontend-разработчик,https://hh.ru/resume/097e6c3900004b8e670039ed1f736563726574
Frontend-разработчик,https://hh.ru/resume/295879da000794e4a10039ed1f31357a326b59
Frontend-разработчик,https://hh.ru/resume/2c96c03300046d12d50039ed1f746570484870
Frontend-разработчик,https://hh.ru/resume/f1910a1600001860cd0039ed1f736563726574
Frontend-разработчик,https://hh.ru/resume/aab1cb050008f4ff4d0039ed1f436448797970
Frontend-разработчик,https://hh.ru/resume/8c3d143200044d8ead0039ed1f626659334565
Frontend-разработчик,https://hh.ru/resume/558b575d00090b68540039ed1f373931714372
Frontend-разработчик,https://hh.ru/resume/05da8c990008e64ad00039ed1f453467505932
Frontend-разработчик,https://hh.ru/resume/d6262c610005ce40ee0039ed1f51655870516e
Frontend-разработчик,https://hh.ru/resume/9061995f000913cfb60039ed1f494564443877
Frontend-разработчик,https://hh.ru/resume/7280b8440000deb17f0039ed1f506d736e6269
Frontend-разработчик,https://hh.ru/resume/e13a15b90006068c2a0039ed1f6366796c7161
Frontend-разработчик,https://hh.ru/resume/863e42760005b4c4230039ed1f68584f4c7436
Frontend-разработчик,https://hh.ru/resume/f3fcff480000a28e4e0039ed1f736563726574
Frontend-разработчик,https://hh.ru/resume/2d2a7d1000041f4cdc0039ed1f6c6942437a56
Frontend-разработчик,https://hh.ru/resume/ab7942b8000390f4d60039ed1f6658756c544e
Frontend-разработчик,https://hh.ru/resume/a607643100029810870039ed1f314e7464364a
Frontend-разработчик,https://hh.ru/resume/1461924200092ff3e10039ed1f3537314b7653
Frontend-разработчик,https://hh.ru/resume/b06456e30002b023530039ed1f62356e646277
Frontend-разработчик,https://hh.ru/resume/e1658a640007b1bdc70039ed1f356852383776
Frontend-разработчик,https://hh.ru/resume/fc19542300063634970039ed1f4376576c6a73
Frontend-разработчик,https://hh.ru/resume/ef16276d0007de86ab0039ed1f7a786e55564b
Frontend-разработчик,https://hh.ru/resume/44b046960002b2fecd0039ed1f67676679756f
Frontend-разработчик,https://hh.ru/resume/335e6a86000345c8ee0039ed1f795433596757
Frontend-разработчик,https://hh.ru/resume/fd3e65370007ec86730039ed1f4c4431656434
Frontend-разработчик,https://hh.ru/resume/96072035000c6635d30039ed1f377277774262
Frontend-разработчик,https://hh.ru/resume/907f073d0002a9b1a80039ed1f393633447a61
Frontend-разработчик,https://hh.ru/resume/9e1538050001003dab0039ed1f576e44425765
Frontend-разработчик,https://hh.ru/resume/58bd74040008e82d840039ed1f754166377232
Frontend-разработчик,https://hh.ru/resume/7689438c00091faa8b0039ed1f6c5355764142
Frontend-разработчик,https://hh.ru/resume/7db0ad2b00080b60e70039ed1f636154476243
Frontend-разработчик,https://hh.ru/resume/9109330f000838d9490039ed1f706c4c62386f
Frontend-разработчик,https://hh.ru/resume/412564e60008bec4d00039ed1f415666663736
Frontend-разработчик,https://hh.ru/resume/5c763f210001bcce2d0039ed1f415946544130
Frontend-разработчик,https://hh.ru/resume/df74bb160007dc94ed0039ed1f574453796e4c
Frontend-разработчик,https://hh.ru/resume/8cc2a7c200087bacd10039ed1f64596f6d7464
Frontend-разработчик,https://hh.ru/resume/818d7bab00027adea90039ed1f536272644275
Frontend-разработчик,https://hh.ru/resume/5803ce99000290db6b0039ed1f4376736c6336
Frontend-разработчик,https://hh.ru/resume/0adbfc2900083ba0620039ed1f507675435653
Frontend-разработчик,https://hh.ru/resume/b4686e710008f0efeb0039ed1f633358727552
Frontend-разработчик,https://hh.ru/resume/99b72dc50001aaeace0039ed1f564878516f35
Frontend-разработчик,https://hh.ru/resume/3c171cf00003847ee70039ed1f4435547a796e
Frontend-разработчик,https://hh.ru/resume/c584bf3000049154be0039ed1f706748744557
Frontend-разработчик,https://hh.ru/resume/fe6756940004dcecca0039ed1f4538496d4777
Frontend-разработчик,https://hh.ru/resume/952d94b30007bd757b0039ed1f425358664346
Frontend-разработчик,https://hh.ru/resume/bab6527600011f77400039ed1f754438634339
Frontend-разработчик,https://hh.ru/resume/c26ef7750008359e900039ed1f5277764f5561
Frontend-разработчик,https://hh.ru/resume/0aba5dbe000049e4980039ed1f736563726574
Frontend-разработчик,https://hh.ru/resume/c06122660000a89abb0039ed1f736563726574
Frontend-разработчик,https://hh.ru/resume/f9293c93000850bc8b0039ed1f3470576f7346
Frontend-разработчик,https://hh.ru/resume/b20d384100082a75030039ed1f564248625a66
Frontend-разработчик,https://hh.ru/resume/d5fbb7b70003b58be40039ed1f765264783635
Frontend-разработчик,https://hh.ru/resume/00667c9600045bd30c0039ed1f7a4779766964
Frontend-разработчик,https://hh.ru/resume/dee932b0000861a4730039ed1f6a5677715566
Frontend-разработчик,https://hh.ru/resume/690b203b00083f8f440039ed1f55656f437558
Frontend-разработчик,https://hh.ru/resume/7e2e76720008b996590039ed1f4769354e6e4a
Frontend-разработчик,https://hh.ru/resume/216800ab0005d410380039ed1f655762654f37
Frontend-разработчик,https://hh.ru/resume/ae2c1b660007e887020039ed1f717863634d59
Frontend-разработчик,https://hh.ru/resume/50f525c5000860fb130039ed1f4f7048595555
Frontend-разработчик,https://hh.ru/resume/cda56e840000694ae30039ed1f736563726574
Frontend-разработчик,https://hh.ru/resume/256cca0300020f474d0039ed1f3170474f6472
Frontend-разработчик,https://hh.ru/resume/9e9fcf5a0004ff216b0039ed1f386565546c75
Frontend-разработчик,https://hh.ru/resume/79e5035000033819a50039ed1f7a4167706639
Frontend-разработчик,https://hh.ru/resume/5cee04340008e2d70c0039ed1f666668556750
Frontend-разработчик,https://hh.ru/resume/98e94d0000032ed92c0039ed1f454d44585577
Frontend-разработчик,https://hh.ru/resume/268a50550000904e010039ed1f736563726574
Frontend-разработчик,https://hh.ru/resume/6248382a00087e089d0039ed1f6c4b75334e76
Frontend-разработчик,https://hh.ru/resume/3846ee000000486e1b0039ed1f736563726574
Frontend-разработчик,https://hh.ru/resume/8ff7a77700081dfc880039ed1f7a5a49715146
Frontend-разработчик,https://hh.ru/resume/6d0c4ac7000620389f0039ed1f4976436c7675
Frontend-разработчик,https://hh.ru/resume/226cc065000824c0d70039ed1f38796f735946
Frontend-разработчик,https://hh.ru/resume/630ff9d700001c7d030039ed1f736563726574
Frontend-разработчик,https://hh.ru/resume/d3afba4400003c2d110039ed1f736563726574
Frontend-разработчик,https://hh.ru/resume/dbfc648d0003febd7b0039ed1f7065744e3067
Frontend-разработчик,https://hh.ru/resume/23a1993d0000bbb3020039ed1f736563726574
Frontend-разработчик,https://hh.ru/resume/53f830b80003c16c350039ed1f37456471644f
Frontend-разработчик,https://hh.ru/resume/ac9b95f8000071c33b0039ed1f736563726574
Frontend-разработчик,https://hh.ru/resume/709ae641000684b2be0039ed1f6b4437417242
Frontend-разработчик,https://hh.ru/resume/243af4860002bc06da0039ed1f466161797535
Frontend-разработчик,https://hh.ru/resume/b2f87b620007f30f290039ed1f694b6e4e705a
Frontend-разработчик,https://hh.ru/resume/9766df440000675ea30039ed1f736563726574
Frontend-разработчик,https://hh.ru/resume/6d637ddb00033013600039ed1f75654e314436
Frontend-разработчик,https://hh.ru/resume/54d40a4d00062a25ef0039ed1f4e5146613769
Frontend-разработчик,https://hh.ru/resume/e6436020000168ea120039ed1f67794c775474
Frontend-разработчик,https://hh.ru/resume/e1c446d10009035fd70039ed1f6a3244716a6a
Frontend-разработчик,https://hh.ru/resume/d3f22f2e0005c82fb30039ed1f5957326e4c6b
Frontend-разработчик,https://hh.ru/resume/dda5a9fb0001e74a010039ed1f456675683173
Frontend-разработчик,https://hh.ru/resume/09ad967800002ffb3c0039ed1f736563726574
Frontend-разработчик,https://hh.ru/resume/2838732f0006228d940039ed1f556532615873
Frontend-разработчик,https://hh.ru/resume/2b85ed310002ac715a0039ed1f755944694257
Frontend-разработчик,https://hh.ru/resume/de44a6a10008c8cc650039ed1f334c42534749
Frontend-разработчик,https://hh.ru/resume/d1d527250003e1c8040039ed1f746c79633631
Frontend-разработчик,https://hh.ru/resume/8798b520000594228c0039ed1f5a7175475848
Frontend-разработчик,https://hh.ru/resume/226ff5360001debb340039ed1f50737a5a6a4f
Frontend-разработчик,https://hh.ru/resume/8e9053db00017e50ea0039ed1f45354c706459
Frontend-разработчик,https://hh.ru/resume/dbd2cb340007f902540039ed1f48786b6a6936
Frontend-разработчик,https://hh.ru/resume/ce793fb30008faac9c0039ed1f754a41756b33
Frontend-разработчик,https://hh.ru/resume/8da516200001cd02f30039ed1f796a487a3145
Frontend-разработчик,https://hh.ru/resume/8302b17a00087ca94e0039ed1f336e62434955
Frontend-разработчик,https://hh.ru/resume/0ca61ba300038f43ea0039ed1f417745485158
Frontend-разработчик,https://hh.ru/resume/fc5c14f1000004a4f10039ed1f736563726574
Frontend-разработчик,https://hh.ru/resume/f463acbe0004e39fbe0039ed1f6e57545a3352
Frontend-разработчик,https://hh.ru/resume/4871c1f800032f3a840039ed1f6c353465646c
Frontend-разработчик,https://hh.ru/resume/6217aeb70001c343e50039ed1f554471444b34
Frontend-разработчик,https://hh.ru/resume/fbfda1a90002da20f00039ed1f654c6d694252
Frontend-разработчик,https://hh.ru/resume/174c9df50000a19a120039ed1f736563726574
Frontend-разработчик,https://hh.ru/resume/9d2e950b0005a182dd0039ed1f6e666236304e
Frontend-разработчик,https://hh.ru/resume/bf04522c0008894f370039ed1f50444d626363
Frontend-разработчик,https://hh.ru/resume/c89284440001505e930039ed1f416141517a31
Frontend-разработчик,https://hh.ru/resume/0eac313600028673cf0039ed1f6a764d4b5257
Frontend-разработчик,https://hh.ru/resume/d3860153000836f8910039ed1f455066423751
Frontend-разработчик,https://hh.ru/resume/65829ccb0008fc92b10039ed1f446b72754a68
Frontend-разработчик,https://hh.ru/resume/011fa76a0000a1d0bc0039ed1f736563726574
Frontend-разработчик,https://hh.ru/resume/e6b3a38c0007a8f5000039ed1f777742595173
Frontend-разработчик,https://hh.ru/resume/4f6188630002fe1b7f0039ed1f73693737366b
Frontend-разработчик,https://hh.ru/resume/1c0edcb70001b692a60039ed1f357852715a49
Frontend-разработчик,https://hh.ru/resume/1a1758a3000895d8ea0039ed1f414a43685638
Frontend-разработчик,https://hh.ru/resume/2ba4f5db0006b41acf0039ed1f456c6a636c78
Frontend-разработчик,https://hh.ru/resume/ff4de6c100064e2b130039ed1f366f625a4a30
Frontend-разработчик,https://hh.ru/resume/96ba630300087222b40039ed1f4d504c617662
Frontend-разработчик,https://hh.ru/resume/88da5c660005493e070039ed1f644564465934
Frontend-разработчик,https://hh.ru/resume/9ba3e6bd0002abbee40039ed1f6e4e79513653
Frontend-разработчик,https://hh.ru/resume/bd9fdac000092206200039ed1f36524f6e674b
Frontend-разработчик,https://hh.ru/resume/8d9fe9ab0002b9cbff0039ed1f7a32754c4937
Frontend-разработчик,https://hh.ru/resume/e438a91f0008b2b1b30039ed1f7673666f766f
Frontend-разработчик,https://hh.ru/resume/c742588a0001d605e50039ed1f333150577648
Frontend-разработчик,https://hh.ru/resume/96a6c3390008b7489f0039ed1f636d436e6145
Frontend-разработчик,https://hh.ru/resume/f91d9f9000088fc81c0039ed1f46695436514b
Frontend-разработчик,https://hh.ru/resume/06dc4fa4000718bfaa0039ed1f434244336b65
Frontend-разработчик,https://hh.ru/resume/a8e7d47d00021269a20039ed1f4e537a61464d
Frontend-разработчик,https://hh.ru/resume/0030e47100023b999e0039ed1f4b4356474b49
Frontend-разработчик,https://hh.ru/resume/10648d3700014bfcbe0039ed1f76646a595376
Frontend-разработчик,https://hh.ru/resume/ed234b240008ab99f20039ed1f386b56465731
Frontend-разработчик,https://hh.ru/resume/2cc1dd310002571c8d0039ed1f30617058595a
Frontend-разработчик,https://hh.ru/resume/a07434130008262a7c0039ed1f7649316a4f6e
Frontend-разработчик,https://hh.ru/resume/3d5b99bd00068821440039ed1f64703130466b
Frontend-разработчик,https://hh.ru/resume/eabf6da40003b646280039ed1f774b4a764b41
Frontend-разработчик,https://hh.ru/resume/a13b550f000769b5d80039ed1f647571677049
Frontend-разработчик,https://hh.ru/resume/fbfcb20b00080497d70039ed1f7244516b6852
Frontend-разработчик,https://hh.ru/resume/fc96a3db000187b8c60039ed1f684535727649
Frontend-разработчик,https://hh.ru/resume/2ea4053d0001ded0580039ed1f4e5643727070
Frontend-разработчик,https://hh.ru/resume/2e87a368000732c66f0039ed1f5944595a3851
Frontend-разработчик,https://hh.ru/resume/673058720004152fe60039ed1f504d6245395a
Frontend-разработчик,https://hh.ru/resume/50380d1a0003d91c4f0039ed1f737047725238
Frontend-разработчик,https://hh.ru/resume/9107a4eb0007c55ccb0039ed1f43366e42626f
Frontend-разработчик,https://hh.ru/resume/0d8265710008cd9c740039ed1f4b5a30757735
Frontend-разработчик,https://hh.ru/resume/5842f1450007689ffb0039ed1f734342475232
Frontend-разработчик,https://hh.ru/resume/d098e30c00086c00910039ed1f4a6c42694b30
Frontend-разработчик,https://hh.ru/resume/a4133b2300015dabf60039ed1f565950765464
Frontend-разработчик,https://hh.ru/resume/f5a23a79000142d4da0039ed1f496953313532
Frontend-разработчик,https://hh.ru/resume/9b1087cd00024656d80039ed1f794f4f384a51
Frontend-разработчик,https://hh.ru/resume/daad99b000055386530039ed1f526c784d4d66
Frontend-разработчик,https://hh.ru/resume/c08e122c00017be3b90039ed1f7077354b7350
Frontend-разработчик,https://hh.ru/resume/1c09fad70008330c420039ed1f38697232424e
Frontend-разработчик,https://hh.ru/resume/f1abe60e0008dae0160039ed1f573547764368
Frontend-разработчик,https://hh.ru/resume/74d565940002dd77eb0039ed1f776d4251776e
Frontend-разработчик,https://hh.ru/resume/8c135580000864ca500039ed1f356a786d734d
Frontend-разработчик,https://hh.ru/resume/6d4f0164000180705b0039ed1f7a5551495174
Frontend-разработчик,https://hh.ru/resume/0ba4adf00001eb8c930039ed1f70744b6d6377
Frontend-разработчик,https://hh.ru/resume/56225fe30007d901390039ed1f44326f68726e
Frontend-разработчик,https://hh.ru/resume/25ecb5ec00083a49c00039ed1f754934396d79
Frontend-разработчик,https://hh.ru/resume/58c75e9600002f75f30039ed1f736563726574
Frontend-разработчик,https://hh.ru/resume/e2c60202000815108c0039ed1f64526f435536
Frontend-разработчик,https://hh.ru/resume/052f2aa8000797e95e0039ed1f414668744163
Frontend-разработчик,https://hh.ru/resume/49985bd3000751f90d0039ed1f596178735437
Frontend-разработчик,https://hh.ru/resume/2449e3410000252d6f0039ed1f736563726574
Frontend-разработчик,https://hh.ru/resume/e57390b600004a10d50039ed1f736563726574
Frontend-разработчик,https://hh.ru/resume/2f99988e00076dbb350039ed1f4e537175707a
Frontend-разработчик,https://hh.ru/resume/b8b50c1b00016914230039ed1f70534e336978
Frontend-разработчик,https://hh.ru/resume/2598b7980007939b8f0039ed1f68644e6c484a
Frontend-разработчик,https://hh.ru/resume/982f2d6800075e893f0039ed1f4b41674f5041
Frontend-разработчик,https://hh.ru/resume/bf41ab3f0001025e010039ed1f7a4f4e513150
Frontend-разработчик,https://hh.ru/resume/d83d2c6700028f48450039ed1f7a4e33476d53
Frontend-разработчик,https://hh.ru/resume/667b8fcb0007e967650039ed1f7a3163335743
Frontend-разработчик,https://hh.ru/resume/6534c2e1000406dc7a0039ed1f567a7a653632
Frontend-разработчик,https://hh.ru/resume/e5717bea00043fc7ad0039ed1f5237527a4d76
Frontend-разработчик,https://hh.ru/resume/43f9f94f0008ebb76d0039ed1f6b5169384f36
Frontend-разработчик,https://hh.ru/resume/256dc32400035ca66d0039ed1f30796d735245
Frontend-разработчик,https://hh.ru/resume/6e635552000913f63f0039ed1f656d4b366a67
Frontend-разработчик,https://hh.ru/resume/f40b4e43000299d8f10039ed1f65656b68364a
Frontend-разработчик,https://hh.ru/resume/daa9a3eb0003cf65f30039ed1f685645716830
Frontend-разработчик,https://hh.ru/resume/3524223e0000a7f2e30039ed1f736563726574
Frontend-разработчик,https://hh.ru/resume/16e7673400007a1b5b0039ed1f736563726574
Frontend-разработчик,https://hh.ru/resume/c8f2090d0003f6c8fd0039ed1f716d6c366249
Frontend-разработчик,https://hh.ru/resume/6e75b2dd00026c9e1d0039ed1f684263746167
Frontend-разработчик,https://hh.ru/resume/e6036a86000586d3bb0039ed1f4d5334756e4a
Frontend-разработчик,https://hh.ru/resume/12a165ca0002a950c40039ed1f4e614c68767a
Frontend-разработчик,https://hh.ru/resume/741ada7f00083277df0039ed1f666f326d5846
Frontend-разработчик,https://hh.ru/resume/d454256100009844dd0039ed1f736563726574
Frontend-разработчик,https://hh.ru/resume/4cc911f50008356aba0039ed1f383470783156
Frontend-разработчик,https://hh.ru/resume/eed2142a0003aff6da0039ed1f394e38385453
Frontend-разработчик,https://hh.ru/resume/0cafad8900078090350039ed1f524e306e4230
Frontend-разработчик,https://hh.ru/resume/6f49d30d00031e13830039ed1f443168614850
Frontend-разработчик,https://hh.ru/resume/badf467e0006f3f5f00039ed1f704239623757
Frontend-разработчик,https://hh.ru/resume/f06d031300029faf790039ed1f35335256746d
Frontend-разработчик,https://hh.ru/resume/7be1672d000923a3ab0039ed1f686945694c56
Frontend-разработчик,https://hh.ru/resume/e013149900045cd2d10039ed1f397851334e6f
Frontend-разработчик,https://hh.ru/resume/c69ff9dc00079966390039ed1f66525648626f
Frontend-разработчик,https://hh.ru/resume/ad61f9bc0001eaf0610039ed1f49677a436972
Frontend-разработчик,https://hh.ru/resume/a15f1b610005af5d470039ed1f763334776d42
Frontend-разработчик,https://hh.ru/resume/3cdd9892000426ae140039ed1f454651336c61
Frontend-разработчик,https://hh.ru/resume/be6a0827000324a6d10039ed1f346e6c6e5163
Frontend-разработчик,https://hh.ru/resume/b3a4dd570002df307a0039ed1f476f6a544566
Frontend-разработчик,https://hh.ru/resume/c1d9e22f00025df45a0039ed1f4d626f776352
Frontend-разработчик,https://hh.ru/resume/dc1ff4d10001a78eb90039ed1f57556b55456b
Frontend-разработчик,https://hh.ru/resume/31fa087f0005e91d580039ed1f4e42506c4631
Frontend-разработчик,https://hh.ru/resume/0281b8d5000639c4b40039ed1f414336306c4c
Data Scientist,https://hh.ru/resume/4ed187fd0003c4bb160039ed1f5741527a5562
Data Scientist,https://hh.ru/resume/66987ad200033ec0b50039ed1f6e6241557462
Data Scientist,https://hh.ru/resume/7e0f394a00025084800039ed1f646831635262
Data Scientist,https://hh.ru/resume/ea8d1f8400020102210039ed1f58723043544c
Data Scientist,https://hh.ru/resume/decb1bab00088e29f50039ed1f31476d646872
Data Scientist,https://hh.ru/resume/3c4fec6100004422aa0039ed1f736563726574
Data Scientist,https://hh.ru/resume/031fa6fd00026b47c30039ed1f75756d434848
Data Scientist,https://hh.ru/resume/448017d200010fdbfb0039ed1f676f48745852
Data Scientist,https://hh.ru/resume/885df78f000006700c0039ed1f736563726574
Data Scientist,https://hh.ru/resume/13d903fe0007090e2c0039ed1f4577315a4479
Data Scientist,https://hh.ru/resume/406da9a200082a3b790039ed1f353844416153
Data Scientist,https://hh.ru/resume/b97efde30007b405aa0039ed1f45356575585a
Data Scientist,https://hh.ru/resume/6ddce2340006afb2ca0039ed1f315a34356750
Data Scientist,https://hh.ru/resume/9e99f0050008b1d04e0039ed1f5042304b4e55
Data Scientist,https://hh.ru/resume/fe7261860007bd42310039ed1f74584e644f4a
Data Scientist,https://hh.ru/resume/34b1ce8300028e6f6c0039ed1f6b7731364c34
Data Scientist,https://hh.ru/resume/34324ec200004603e90039ed1f736563726574
Data Scientist,https://hh.ru/resume/07eb65610005bc02f70039ed1f487a5a303871
Data Scientist,https://hh.ru/resume/19587381000345a6160039ed1f326e6436644f
Data Scientist,https://hh.ru/resume/d5195ff40008f9471a0039ed1f574439503656
Data Scientist,https://hh.ru/resume/b073551e00001c192c0039ed1f736563726574
Data Scientist,https://hh.ru/resume/1d2369cc0001d137f00039ed1f787946486733
Data Scientist,https://hh.ru/resume/1d2d2bf0000873d1440039ed1f583367713562
Data Scientist,https://hh.ru/resume/2c7364d200086405250039ed1f347730507734
Data Scientist,https://hh.ru/resume/33d25b1b00011b709c0039ed1f6d624b717355
Data Scientist,https://hh.ru/resume/db92843400084c8a690039ed1f506253755934
Data Scientist,https://hh.ru/resume/1fb91f87000571f8f30039ed1f374a63667478
Data Scientist,https://hh.ru/resume/d56590ca000350c36d0039ed1f303265327a75
Data Scientist,https://hh.ru/resume/ac7d7a1000091cdb6a0039ed1f784d776a6f6b
Data Scientist,https://hh.ru/resume/01c2b37f0008c93ef20039ed1f57484b7a4333
Data Scientist,https://hh.ru/resume/b184f2a10005c86ed90039ed1f67746b384c38
Data Scientist,https://hh.ru/resume/290e9ab5000000d0ef0039ed1f736563726574
Data Scientist,https://hh.ru/resume/ed5d17c90003a98e8a0039ed1f6f574e633957
Data Scientist,https://hh.ru/resume/1ffe0dc30008ef2e000039ed1f4b7652336d6e
Data Scientist,https://hh.ru/resume/8ba1a99e0008a4487c0039ed1f626332503673
Data Scientist,https://hh.ru/resume/c32493d80008203b0e0039ed1f4f6e75785479
Data Scientist,https://hh.ru/resume/1fc9d80c000408ea350039ed1f3351547a7351
Data Scientist,https://hh.ru/resume/31459ec80008f2c8fe0039ed1f755756356b44
Data Scientist,https://hh.ru/resume/a4d106280005af1d090039ed1f657366465754
Data Scientist,https://hh.ru/resume/52a8611b000799f1d80039ed1f497561704e68
Data Scientist,https://hh.ru/resume/f3b05904000847a9240039ed1f547867425774
Data Scientist,https://hh.ru/resume/a01f9c3500088cd1aa0039ed1f6e35424d3672
Data Scientist,https://hh.ru/resume/4257ee2c0003584b6c0039ed1f6e536c6e4658
Data Scientist,https://hh.ru/resume/36e01b8700025b57ac0039ed1f3543474b4831
Data Scientist,https://hh.ru/resume/2a9f45a5000902aa710039ed1f626f68593458
Data Scientist,https://hh.ru/resume/e651b15f000435cb380039ed1f444737396a68
Data Scientist,https://hh.ru/resume/83901b6000035607580039ed1f4d3539305741
Data Scientist,https://hh.ru/resume/bdea329c0005369a640039ed1f3857384d5659
Data Scientist,https://hh.ru/resume/a94939590000873be50039ed1f736563726574
Data Scientist,https://hh.ru/resume/d7070aea00089d577b0039ed1f785678766262
Data Scientist,https://hh.ru/resume/3e7e574200031ea7320039ed1f494657317173
Data Scientist,https://hh.ru/resume/58c8b5a10006f0de850039ed1f70626c507730
Data Scientist,https://hh.ru/resume/09f72dec00086c98610039ed1f7966564c5678
Data Scientist,https://hh.ru/resume/a3f85732000406108d0039ed1f474e5a323867
Data Scientist,https://hh.ru/resume/4bf947bc00082ea8670039ed1f474b6267676d
Data Scientist,https://hh.ru/resume/b7cd1a5d00000fbfe30039ed1f736563726574
Data Scientist,https://hh.ru/resume/f6f2fa9000001f5bf50039ed1f736563726574
Data Scientist,https://hh.ru/resume/129750c4000819c0050039ed1f424f336d394d
Data Scientist,https://hh.ru/resume/5b7982aa0002babe650039ed1f44574361316b
Data Scientist,https://hh.ru/resume/1a67dcd800009ca36e0039ed1f736563726574
Data Scientist,https://hh.ru/resume/36cebb9a0005bc51eb0039ed1f4d7846485a58
Data Scientist,https://hh.ru/resume/14a32b790008862f680039ed1f50556f444435
Data Scientist,https://hh.ru/resume/f082375700075ece090039ed1f4b63446a7359
Data Scientist,https://hh.ru/resume/d9cef9d4000090e31e0039ed1f736563726574
Data Scientist,https://hh.ru/resume/224924a60005940f980039ed1f477a4545306e
Data Scientist,https://hh.ru/resume/f38e08400002fea0240039ed1f326f76315859
Data Scientist,https://hh.ru/resume/a864f6050004493e570039ed1f706f4f655876
Data Scientist,https://hh.ru/resume/5dc6fedb00041e697c0039ed1f455258436379
Data Scientist,https://hh.ru/resume/18ae8c92000142dd560039ed1f433837763534
Data Scientist,https://hh.ru/resume/0b7ea32b0007e072dd0039ed1f47716b676949
Data Scientist,https://hh.ru/resume/a9633b460001bb47d00039ed1f594a4d415479
Data Scientist,https://hh.ru/resume/f565c8120003d006250039ed1f43456e617737
Data Scientist,https://hh.ru/resume/757155cd00086277590039ed1f4d7a4c523431
Data Scientist,https://hh.ru/resume/8239af0400090415270039ed1f337630554841
Data Scientist,https://hh.ru/resume/2a4b10040008ebcca20039ed1f785a57694a62
Data Scientist,https://hh.ru/resume/e35aedb20000b013e30039ed1f736563726574
Data Scientist,https://hh.ru/resume/312fad9b0002f74daa0039ed1f783448754654
Data Scientist,https://hh.ru/resume/88796f5a000403f51a0039ed1f375239436e52
Data Scientist,https://hh.ru/resume/7c44e76c00075fbc700039ed1f6a6b41517a32
Data Scientist,https://hh.ru/resume/478f50f400031c5fed0039ed1f795638654f6f
Data Scientist,https://hh.ru/resume/e9454f0800059b3f480039ed1f5938656c454b
Data Scientist,https://hh.ru/resume/5f4145bf000779858d0039ed1f6a4839517063
Data Scientist,https://hh.ru/resume/e4acd0490008bb66480039ed1f48716d516e59
Data Scientist,https://hh.ru/resume/4ad9185e00022f6c2c0039ed1f584c5744524a
Data Scientist,https://hh.ru/resume/a5d258210005855b220039ed1f6b6b657a7873
Data Scientist,https://hh.ru/resume/77a7245800033978d70039ed1f5a4754625863
Data Scientist,https://hh.ru/resume/2559babe0008df808d0039ed1f594b7a4a6f72
Data Scientist,https://hh.ru/resume/953408b300090b70420039ed1f6f7761666972
Data Scientist,https://hh.ru/resume/de91cd2600086099e50039ed1f4b3530487872
Data Scientist,https://hh.ru/resume/d318d2e500085173410039ed1f6b5736635a70
Data Scientist,https://hh.ru/resume/e110d7090001c849a30039ed1f513757576f44
Data Scientist,https://hh.ru/resume/5323eaf40002c1dd530039ed1f494f30674a63
Data Scientist,https://hh.ru/resume/2411573800064f660c0039ed1f3077474f5537
Data Scientist,https://hh.ru/resume/8fc0f3ed00022148570039ed1f78773779447a
Data Scientist,https://hh.ru/resume/13e1c10f00078730980039ed1f4844456b4445
Data Scientist,https://hh.ru/resume/b02203ff0007cb13fe0039ed1f335950705536
Data Scientist,https://hh.ru/resume/ce5726c60003de3f100039ed1f573435697963
Data Scientist,https://hh.ru/resume/82f298ce0003e310e70039ed1f304a35656d57
Data Scientist,https://hh.ru/resume/0e54d25a00076e3ccf0039ed1f455961364e72
Data Scientist,https://hh.ru/resume/ba1962c20008a3d56b0039ed1f7a4f57334944
Data Scientist,https://hh.ru/resume/6384bade0008e425f90039ed1f39453568384d
Data Scientist,https://hh.ru/resume/501f357200034d47dc0039ed1f535375797a38
Data Scientist,https://hh.ru/resume/8ce9293d000926ada30039ed1f4d4154626131
Data Scientist,https://hh.ru/resume/49e21aea0002cf0c260039ed1f596b4a684661
Data Scientist,https://hh.ru/resume/e61ab04600085ffd7b0039ed1f6f42626f564f
Data Scientist,https://hh.ru/resume/55e40d700003aa2c420039ed1f726d41494c56
Data Scientist,https://hh.ru/resume/18394e3000047a28560039ed1f4e674e647277
Data Scientist,https://hh.ru/resume/305b7c85000003f7ab0039ed1f736563726574
Data Scientist,https://hh.ru/resume/6b7f1aa600064dc13c0039ed1f456d4f703361
Data Scientist,https://hh.ru/resume/02c8906f000817882b0039ed1f355876626274
Data Scientist,https://hh.ru/resume/7f9514780002a40e140039ed1f61784b50714b
Data Scientist,https://hh.ru/resume/fa5df29700055ff4fc0039ed1f584d644d6475
Data Scientist,https://hh.ru/resume/02bc6a26000928698c0039ed1f6d4543503234
Data Scientist,https://hh.ru/resume/078cec3500010e33210039ed1f4e4467734957
Data Scientist,https://hh.ru/resume/b97d162000046c5c4a0039ed1f32705146674e
Data Scientist,https://hh.ru/resume/66eacc6000088508760039ed1f37336b49456e
Data Scientist,https://hh.ru/resume/eeb3d545000856357b0039ed1f4b3341696b4a
Data Scientist,https://hh.ru/resume/b0855b2800018814d30039ed1f715333354c64
Data Scientist,https://hh.ru/resume/c104c45300066780ec0039ed1f62376e31364b
Data Scientist,https://hh.ru/resume/be01b4c800063996360039ed1f4b485555495a
Data Scientist,https://hh.ru/resume/335aeab300052164780039ed1f5a56617a5535
Data Scientist,https://hh.ru/resume/b9764c0b00077b55860039ed1f426a736d7239
Data Scientist,https://hh.ru/resume/7603906b000431496f0039ed1f6d796c373832
Data Scientist,https://hh.ru/resume/2f7ac2290004fbe6b70039ed1f347959584e57
Data Scientist,https://hh.ru/resume/a97194b700030d35220039ed1f71496c634654
Data Scientist,https://hh.ru/resume/439545460009324f2f0039ed1f36795a544536
Data Scientist,https://hh.ru/resume/897cb2cf0001e670990039ed1f373375416e37
Data Scientist,https://hh.ru/resume/c592b706000204ee890039ed1f467454633344
Data Scientist,https://hh.ru/resume/98102ee10004f801710039ed1f6b4b67614643
Data Scientist,https://hh.ru/resume/65707cc300037e1b620039ed1f553457596c51
Data Scientist,https://hh.ru/resume/0af6490a0008efcb2d0039ed1f4a48575a6258
Data Scientist,https://hh.ru/resume/7398fe710007ad793a0039ed1f386b56714370
Data Scientist,https://hh.ru/resume/e9e7f54600033205ec0039ed1f5a5931744239
Data Scientist,https://hh.ru/resume/a1b62ab600082722bc0039ed1f656557546931
Data Scientist,https://hh.ru/resume/ccef1ff000089cf1c50039ed1f56554961596e
Data Scientist,https://hh.ru/resume/392532e0000879edee0039ed1f716458537775
Data Scientist,https://hh.ru/resume/054488e50005e7c6590039ed1f3870646f5856
Data Scientist,https://hh.ru/resume/899dd4bd0005a44cf10039ed1f587432764e6b
Data Scientist,https://hh.ru/resume/850cfc2200071ba68b0039ed1f4e6c69583242
Data Scientist,https://hh.ru/resume/80d53ee600029acddd0039ed1f50584d707259
Data Scientist,https://hh.ru/resume/d1ba24ba00071852700039ed1f617970663273
Data Scientist,https://hh.ru/resume/7c1c60be00063f00610039ed1f4144555a6d45
Data Scientist,https://hh.ru/resume/18323cda00008af6770039ed1f736563726574
Data Scientist,https://hh.ru/resume/87f77cf20003c5b7d60039ed1f52774174544b
Data Scientist,https://hh.ru/resume/84cfec1200073a01190039ed1f666553573437
Data Scientist,https://hh.ru/resume/15620ebb00091aa6fc0039ed1f4f664957716e
Data Scientist,https://hh.ru/resume/fe7a9ebb0008d995690039ed1f704b4f334f62
Data Scientist,https://hh.ru/resume/891f059000056c410e0039ed1f39744675786f
Data Scientist,https://hh.ru/resume/7f2aa07300058dfa250039ed1f475345306879
Data Scientist,https://hh.ru/resume/9e3af3190007e89b3c0039ed1f734f79774e32
Data Scientist,https://hh.ru/resume/b255448d00082071e30039ed1f61586c534435
Data Scientist,https://hh.ru/resume/606a51a200030033ab0039ed1f36646a6e7377
Data Scientist,https://hh.ru/resume/f5142a4700086661090039ed1f474e4a336270
Data Scientist,https://hh.ru/resume/519773bd000152d2620039ed1f677141654766
Data Scientist,https://hh.ru/resume/295a5b560001bcd2c30039ed1f797452744430
Data Scientist,https://hh.ru/resume/b0a06b4c000805d88c0039ed1f64616a726a57
Data Scientist,https://hh.ru/resume/bb8c7f6b00031616580039ed1f395566633365
Data Scientist,https://hh.ru/resume/7db30154000089877c0039ed1f736563726574
Data Scientist,https://hh.ru/resume/6244aabc0002f90bd30039ed1f70474a594f4e
Data Scientist,https://hh.ru/resume/d50eb99d00043395030039ed1f764573517178
Data Scientist,https://hh.ru/resume/72f9c198000861042e0039ed1f6b3852367047
Data Scientist,https://hh.ru/resume/d6d5c4810001190f220039ed1f524a41376771
Data Scientist,https://hh.ru/resume/dba36d0d0002134a770039ed1f65514a714352
Data Scientist,https://hh.ru/resume/a185efff0002d84a600039ed1f474d6d375967
Data Scientist,https://hh.ru/resume/354cc8ab00086a4ace0039ed1f76626d4e6a6a
Data Scientist,https://hh.ru/resume/098054dc0000a9fd470039ed1f736563726574
Data Scientist,https://hh.ru/resume/2235390a0000383e6f0039ed1f736563726574
Data Scientist,https://hh.ru/resume/ba2bb31200009d0fe70039ed1f736563726574
Data Scientist,https://hh.ru/resume/ea54360500089400ff0039ed1f68683275626c
Data Scientist,https://hh.ru/resume/070c518d00064e07ac0039ed1f694430635458
Data Scientist,https://hh.ru/resume/b1b0c2b500025db9520039ed1f7a47314e3133
Data Scientist,https://hh.ru/resume/8686952e00090b27b70039ed1f654b4154686d
Data Scientist,https://hh.ru/resume/bd8a6a1600084a8a6f0039ed1f753659447a6d
Data Scientist,https://hh.ru/resume/c511cf7a00009a031b0039ed1f736563726574
Data Scientist,https://hh.ru/resume/f2f88a4d000378ee6f0039ed1f674f55624949
Data Scientist,https://hh.ru/resume/2a2aa71000075b9e8b0039ed1f764533624e44
Data Scientist,https://hh.ru/resume/81d253b70001c799c70039ed1f725351514542
Data Scientist,https://hh.ru/resume/4fd7501000092434ae0039ed1f334e46686638
Data Scientist,https://hh.ru/resume/de20636900082e103e0039ed1f574c41464d53
Data Scientist,https://hh.ru/resume/ced36246000664cf730039ed1f7a5a77424c30
Data Scientist,https://hh.ru/resume/0b2f853d00011fc01e0039ed1f384364737536
Data Scientist,https://hh.ru/resume/e54beaff0005fc3b4b0039ed1f4556696c3474
Data Scientist,https://hh.ru/resume/168c77970003185ad20039ed1f566d74765050
Data Scientist,https://hh.ru/resume/1421c9fb0008fd8be50039ed1f543272563267
Data Scientist,https://hh.ru/resume/5f1e58110007ecc1300039ed1f386442386668
Data Scientist,https://hh.ru/resume/7167e78700090d36300039ed1f44464b344a78
Data Scientist,https://hh.ru/resume/f13a31dc0000d142b60039ed1f4c72664b656c
Data Scientist,https://hh.ru/resume/30785cad0000b1101c0039ed1f736563726574
Data Scientist,https://hh.ru/resume/c96e0a0200030a03df0039ed1f715a464d5a50
Data Scientist,https://hh.ru/resume/9f21ec81000875b91b0039ed1f4c384c354433
Data Scientist,https://hh.ru/resume/475ae360000c6c04cc0039ed1f5a64525a3350
Data Scientist,https://hh.ru/resume/1a2c15ee0003148a920039ed1f475a64347239
Data Scientist,https://hh.ru/resume/e10520d60000bb0c8d0039ed1f736563726574
Data Scientist,https://hh.ru/resume/99dccfa2000504c2b60039ed1f6d5144485672
Data Scientist,https://hh.ru/resume/9d4597d10008df6c730039ed1f6e645a39516d
Data Scientist,https://hh.ru/resume/b0bacdcc0000cca7dd0039ed1f74716a54324d
Data Scientist,https://hh.ru/resume/2ea201d10001a7f8d30039ed1f76515a55365a
Data Scientist,https://hh.ru/resume/f95900ee0007accd480039ed1f573869714738
Data Scientist,https://hh.ru/resume/122ad0cb0007dad4b30039ed1f5a74794e706b
Data Scientist,https://hh.ru/resume/ee895b6e0002e562430039ed1f736468324d35
Data Scientist,https://hh.ru/resume/bb65f42b00092690b40039ed1f32543830584c
Data Scientist,https://hh.ru/resume/f3154c1a000806e0f50039ed1f535278664a4d
Data Scientist,https://hh.ru/resume/b732936a0008230ee10039ed1f4843377a344e
Data Scientist,https://hh.ru/resume/b36a90c40003a484580039ed1f46396c437133
Data Scientist,https://hh.ru/resume/05fad4af000043a8000039ed1f736563726574
Data Scientist,https://hh.ru/resume/5203ea540000aedf630039ed1f736563726574
Data Scientist,https://hh.ru/resume/c26af66300035d89bb0039ed1f446e5547774c
Data Scientist,https://hh.ru/resume/ae7b0e430001821da00039ed1f70365a676277
Data Scientist,https://hh.ru/resume/afed3184000522e1d60039ed1f527155774e71
Data Scientist,https://hh.ru/resume/d710e643000021a3810039ed1f736563726574
Data Scientist,https://hh.ru/resume/463af9b100071b117d0039ed1f525a6f777664
Data Scientist,https://hh.ru/resume/b0630c9c00088373c80039ed1f4b737436486e
Data Scientist,https://hh.ru/resume/3669a69700011e18f90039ed1f6e384d6f5230
Data Scientist,https://hh.ru/resume/c7be0f7d0008265fe00039ed1f753962525478
Data Scientist,https://hh.ru/resume/2cf33e520008fe5d070039ed1f5945474d5635
Data Scientist,https://hh.ru/resume/12d052790008a352980039ed1f695247626a42
Data Scientist,https://hh.ru/resume/ec190cdd0000ad182c0039ed1f736563726574
Data Scientist,https://hh.ru/resume/40c4ae2300082dcc900039ed1f42726350367a
Data Scientist,https://hh.ru/resume/0d352d3900031183e60039ed1f486c4173325a
Data Scientist,https://hh.ru/resume/bc0daa230008d57a270039ed1f39776c6e5565
Data Scientist,https://hh.ru/resume/d99aee8a0007089afa0039ed1f7455564a6d34
Data Scientist,https://hh.ru/resume/93cfc7ac0007740c350039ed1f5659744f494c
Data Scientist,https://hh.ru/resume/c06351b100001fa06f0039ed1f736563726574
Data Scientist,https://hh.ru/resume/b091ee6900073a7d210039ed1f574966645048
Data Scientist,https://hh.ru/resume/f9be16d10008938cea0039ed1f784945364a73
Data Scientist,https://hh.ru/resume/311699560003c670620039ed1f353531504843
Data Scientist,https://hh.ru/resume/502e1fe30001b8b7600039ed1f536c6a6b735a
Data Scientist,https://hh.ru/resume/7574b2560004a806d30039ed1f483771613833
Data Scientist,https://hh.ru/resume/0e3b24790000bf44b60039ed1f486c42517a4b
Data Scientist,https://hh.ru/resume/b05cbc860008f64eaa0039ed1f734b74675479
Data Scientist,https://hh.ru/resume/c4f6c99f0008c52a1e0039ed1f4a5763444850
Data Scientist,https://hh.ru/resume/09acc8130002acfc360039ed1f477234366172
Data Scientist,https://hh.ru/resume/bce3acd30006309f170039ed1f45516d627834
Data Scientist,https://hh.ru/resume/00bd33fc0000f3ea1c0039ed1f4e5942696671
Data Scientist,https://hh.ru/resume/c87e896e00032c33be0039ed1f4f394b4b7067
Data Scientist,https://hh.ru/resume/6a386f2e0008065d270039ed1f645447556a75
Data Scientist,https://hh.ru/resume/b78d7f040003af0b6c0039ed1f6d4a69464237
Data Scientist,https://hh.ru/resume/992a7a79000910c6790039ed1f553176544247
Data Scientist,https://hh.ru/resume/f09becda000758b97c0039ed1f4f7173614461
Data Scientist,https://hh.ru/resume/6086ab1a0007edbf870039ed1f533861724b43
Data Scientist,https://hh.ru/resume/0ac9d1520008090d9c0039ed1f6f6549763658
Data Scientist,https://hh.ru/resume/e1dd49800008e7d54f0039ed1f4a45456a4339
Data Scientist,https://hh.ru/resume/1f530f3700029fd73e0039ed1f5a74414f6e4c
Data Scientist,https://hh.ru/resume/2186f094000450bade0039ed1f6b7775756466
Data Scientist,https://hh.ru/resume/382de59e00080674320039ed1f574d30656464
Data Scientist,https://hh.ru/resume/cce3168200078ba9f60039ed1f354a494b6357
Data Scientist,https://hh.ru/resume/65fb492a00078c5a9f0039ed1f654d48433433
Data Scientist,https://hh.ru/resume/6616044d000030bbd40039ed1f736563726574
Data Scientist,https://hh.ru/resume/27905fc90007fe5f020039ed1f426d5a62357a
Data Scientist,https://hh.ru/resume/fc5877f40002821d330039ed1f4b465257744e
Data Scientist,https://hh.ru/resume/b6a485e50005b0f5870039ed1f6a4277583277
Data Scientist,https://hh.ru/resume/7f5561fc00077985f20039ed1f49726f544a74
Data Scientist,https://hh.ru/resume/b546b5880005bfa6be0039ed1f527942305964
Data Scientist,https://hh.ru/resume/8910d5440007e99cec0039ed1f506435686331
Data Scientist,https://hh.ru/resume/bae9db38000099ce960039ed1f736563726574
Data Scientist,https://hh.ru/resume/091fef7200085e625c0039ed1f6759366d625a
Data Scientist,https://hh.ru/resume/045ca5bd00036cdabf0039ed1f723468435378
Data Scientist,https://hh.ru/resume/7d32ef2a000037ec170039ed1f736563726574
Data Scientist,https://hh.ru/resume/0fb6e4530008b6a0730039ed1f50326a415936
Data Scientist,https://hh.ru/resume/e4b4596b00033fc5ec0039ed1f434b69715350
Data Scientist,https://hh.ru/resume/a66094da0003ecf6d10039ed1f766a39746932
Data Scientist,https://hh.ru/resume/f50cde86000853141a0039ed1f483558665639
Data Scientist,https://hh.ru/resume/f01588c900075eb1aa0039ed1f387558556377
Data Scientist,https://hh.ru/resume/8aa281dc00038087d50039ed1f3932366c6754
Data Scientist,https://hh.ru/resume/b8043fe400088a52140039ed1f63686d4f6a65
Data Scientist,https://hh.ru/resume/034d85c30003f67bbc0039ed1f457835344645
Data Scientist,https://hh.ru/resume/a00e86180003ddb6850039ed1f443030336e44
Data Scientist,https://hh.ru/resume/de1ccc9e0001da4c1f0039ed1f345a5a523148
Data Scientist,https://hh.ru/resume/f61fbfdd00027866610039ed1f6f5459316a6e
Data Scientist,https://hh.ru/resume/faef341a00054d3e1e0039ed1f4e6d6a425a31
Data Scientist,https://hh.ru/resume/6e0ae7900000c032a90039ed1f313355744430
Data Scientist,https://hh.ru/resume/7b0221590005dbfaaf0039ed1f48383067495a
Data Scientist,https://hh.ru/resume/ecad80ad00084073bd0039ed1f625a41644579
Data Scientist,https://hh.ru/resume/2d31d8e9000897cf6e0039ed1f416e555a6e53
Data Scientist,https://hh.ru/resume/783d5b050009093cdb0039ed1f4e454a51496a
Data Scientist,https://hh.ru/resume/c97bdbac00088b39f40039ed1f633866585130
Data Scientist,https://hh.ru/resume/0db5b2b700090c8d7b0039ed1f6a7279585635
Data Scientist,https://hh.ru/resume/1494c8ae00087354da0039ed1f743062386253
Data Scientist,https://hh.ru/resume/d8342c7000080973690039ed1f725171674763
Data Scientist,https://hh.ru/resume/0e0e8f600000435cd80039ed1f736563726574
Data Scientist,https://hh.ru/resume/36b0ff1a0009159f8b0039ed1f734a3868684c
Data Scientist,https://hh.ru/resume/a0b3bc1a0000f193bb0039ed1f3933457a6437
Data Scientist,https://hh.ru/resume/22a804bd0005681f820039ed1f64626a6c475a
Data Scientist,https://hh.ru/resume/40d6bddd00025c1b2e0039ed1f6b3255336e58
Data Scientist,https://hh.ru/resume/4887f94900072ff3d30039ed1f364a48545271
Data Scientist,https://hh.ru/resume/dbdbce5f0006d918b70039ed1f535a5146686b
Data Scientist,https://hh.ru/resume/1910f63200003852540039ed1f736563726574
Data Scientist,https://hh.ru/resume/27477f8d0008a2049a0039ed1f664953446368
Data Scientist,https://hh.ru/resume/0e2464f0000150bc100039ed1f434354585a6e
Data Scientist,https://hh.ru/resume/1e76db6d0009059c990039ed1f747748484c76
Data Scientist,https://hh.ru/resume/33ebae0500075354ca0039ed1f5a5847524533
Data Scientist,https://hh.ru/resume/3e0bc96900091f17730039ed1f687868533467
Data Scientist,https://hh.ru/resume/4c7d83880002af83450039ed1f6e484f39496b
Data Scientist,https://hh.ru/resume/c1684bd200041e9c6c0039ed1f755179314b55
Data Scientist,https://hh.ru/resume/bddf382200054e1dc10039ed1f5337444f7048
Data Scientist,https://hh.ru/resume/497845460008ba13c30039ed1f376b41465938
Data Scientist,https://hh.ru/resume/c695233d0001b4c81e0039ed1f4b4269436174
Data Scientist,https://hh.ru/resume/bf81a14300082d35fb0039ed1f35514c586c78
Data Scientist,https://hh.ru/resume/d4df73dc0007985e5c0039ed1f4d3965574f4b
Data Scientist,https://hh.ru/resume/b1a8541f0007e465400039ed1f687246337456
Data Scientist,https://hh.ru/resume/72432946000327b9e20039ed1f4e376d644f68
Data Scientist,https://hh.ru/resume/7283dea10008b8e2970039ed1f3845346f764f
Data Scientist,https://hh.ru/resume/ea0a29390008098b6f0039ed1f48346d323158
Data Scientist,https://hh.ru/resume/628a0ac20006f148040039ed1f367079326944
Data Scientist,https://hh.ru/resume/f4c5630f00084f65730039ed1f464b344d5170
Data Scientist,https://hh.ru/resume/fd8938e9000874d6bc0039ed1f644447506e49
Data Scientist,https://hh.ru/resume/8e95a5c600080050e50039ed1f514678754378
Data Scientist,https://hh.ru/resume/3834e04f0007bef0870039ed1f745471417953
Data Scientist,https://hh.ru/resume/ae83f1f3000530f8190039ed1f495743775636
Data Scientist,https://hh.ru/resume/46f1c5d00007cb247f0039ed1f7673425a7253
Data Scientist,https://hh.ru/resume/444fbc9f0003361e000039ed1f447153736a79
Data Scientist,https://hh.ru/resume/74da32f8000836621e0039ed1f6f7066324968
Data Scientist,https://hh.ru/resume/3f525b7800026b5ee00039ed1f69766d4a514f
Data Scientist,https://hh.ru/resume/3b1861f70003aee12a0039ed1f363931794238
Data Scientist,https://hh.ru/resume/b47081910008a2e6310039ed1f796355534e6f
Data Scientist,https://hh.ru/resume/40be9bb60002af80660039ed1f704b7170774b
Data Scientist,https://hh.ru/resume/92e9123a000400e1de0039ed1f6b313478726a
Data Scientist,https://hh.ru/resume/63b302360008f24ed60039ed1f59796b38346f
Data Scientist,https://hh.ru/resume/5ea6839300075659650039ed1f4b644e517459
Data Scientist,https://hh.ru/resume/5b2e231100050a06080039ed1f654672657430
Data Scientist,https://hh.ru/resume/9de4f5fb0005cf51910039ed1f463746665047
Data Scientist,https://hh.ru/resume/837ee5930003b807de0039ed1f587648624f38
Data Scientist,https://hh.ru/resume/c08d5de600080d3c990039ed1f423049447356
Data Scientist,https://hh.ru/resume/1c4b8cbc0008add8c30039ed1f366734577552
Data Scientist,https://hh.ru/resume/917cc5c700090833560039ed1f42426f304262
Data Scientist,https://hh.ru/resume/040b756b0008f5b0eb0039ed1f683064614c70
Data Scientist,https://hh.ru/resume/35f81a5a0006c633ec0039ed1f6f4149566c57
Data Scientist,https://hh.ru/resume/61cadfd2000857ef1c0039ed1f636137523779
Data Scientist,https://hh.ru/resume/8286294900090261df0039ed1f4277466f6c53
Data Scientist,https://hh.ru/resume/4dbf4e100008487ddc0039ed1f6c7172395735
Data Scientist,https://hh.ru/resume/52b43e8f0008cd51d20039ed1f593672355476
Data Scientist,https://hh.ru/resume/2a91769800090676260039ed1f59755a444352
Data Scientist,https://hh.ru/resume/c81256c70005a7f55b0039ed1f457372434c34
Data Scientist,https://hh.ru/resume/f8d0d49700000535bb0039ed1f736563726574
Data Scientist,https://hh.ru/resume/98aa80750008dc5cab0039ed1f765873327435
Data Scientist,https://hh.ru/resume/6abd19c40008f7676f0039ed1f5436434c5153
Data Scientist,https://hh.ru/resume/24e1c38600087ad2380039ed1f65664b385971
Data Scientist,https://hh.ru/resume/c6df27e30001ab95440039ed1f6a6b544d3573
Data Scientist,https://hh.ru/resume/161a6d1d000348728f0039ed1f4b4f376b7854
Data Scientist,https://hh.ru/resume/27412bb400087d178c0039ed1f534856693465
Data Scientist,https://hh.ru/resume/b5d5e6a00003e5258a0039ed1f534a676b6e66
Data Scientist,https://hh.ru/resume/3a038b4800062ec79b0039ed1f563454693843
Data Scientist,https://hh.ru/resume/233b7eb50002b323800039ed1f764158533977
Data Scientist,https://hh.ru/resume/a721c6c100036e8a800039ed1f436c6b507937
Data Scientist,https://hh.ru/resume/12e99e7b0008f853370039ed1f77686d6f324f
Data Scientist,https://hh.ru/resume/b42a254f0008df524e0039ed1f62324c6b4731
Data Scientist,https://hh.ru/resume/e9414e34000753556b0039ed1f6c5344426f38
Data Scientist,https://hh.ru/resume/ed838ac9000129304c0039ed1f58374d484563
Data Scientist,https://hh.ru/resume/38b207af0003ad42fc0039ed1f3235634c5550
Data Scientist,https://hh.ru/resume/1f9c6dce0005b5fefe0039ed1f77703058786d
Data Scientist,https://hh.ru/resume/43633d8700072f0e7e0039ed1f557a6373726b
Data Scientist,https://hh.ru/resume/994f25070001f2dbd30039ed1f4b704c324355
Data Scientist,https://hh.ru/resume/035773e000077cc1c20039ed1f6d6952375a56
Data Scientist,https://hh.ru/resume/81e6b0f100092a96290039ed1f734178694e71
Data Scientist,https://hh.ru/resume/48ac6ff40008675f440039ed1f625068364f34
Data Scientist,https://hh.ru/resume/d04793e00001e1057b0039ed1f7362516f6d48
Data Scientist,https://hh.ru/resume/f0a601130008e946650039ed1f75516d705654
Data Scientist,https://hh.ru/resume/704052770005cf395a0039ed1f6143514b4252
Data Scientist,https://hh.ru/resume/5ebdf4dc00088c6fa40039ed1f357a6c314738
Data Scientist,https://hh.ru/resume/c918d07100025cf6840039ed1f7a5373443471
Data Scientist,https://hh.ru/resume/d334acbb0005d4f6960039ed1f51334b415158
Data Scientist,https://hh.ru/resume/ace97c22000408fc390039ed1f764534585a71
Data Scientist,https://hh.ru/resume/8cf7995d000915e6af0039ed1f74744f68666e
Data Scientist,https://hh.ru/resume/9b570a5e00086c81370039ed1f7141696d7763
Data Scientist,https://hh.ru/resume/076df3a600083448ec0039ed1f4e5767426243
Data Scientist,https://hh.ru/resume/5427333600089bea9a0039ed1f696e366b6b6f
Data Scientist,https://hh.ru/resume/9595d71200090025eb0039ed1f706b4564434b
Data Scientist,https://hh.ru/resume/506acd410005470ba70039ed1f514d4b6e4565
Data Scientist,https://hh.ru/resume/510d2e8b0003f9a46b0039ed1f4f794c4f4e56
Data Scientist,https://hh.ru/resume/3d9355e40007ed40850039ed1f506f4c7a4539
Data Scientist,https://hh.ru/resume/891c9da80008df16690039ed1f583734747643
Data Scientist,https://hh.ru/resume/feab494300070eba3f0039ed1f474c62786638
Data Scientist,https://hh.ru/resume/e6574f870006a466930039ed1f5a6c3337324f
Data Scientist,https://hh.ru/resume/46077aff0002d071fb0039ed1f794434734342
Data Scientist,https://hh.ru/resume/77975896000714d73e0039ed1f72426b4a5366
Data Scientist,https://hh.ru/resume/603438dd00000aa64f0039ed1f736563726574
Бухгалтер,https://hh.ru/resume/fd9a612a00041fdd320039ed1f774f68436462
Бухгалтер,https://hh.ru/resume/cb55372b00002bef9c0039ed1f736563726574
Бухгалтер,https://hh.ru/resume/0597d69000006cd1f90039ed1f736563726574
Бухгалтер,https://hh.ru/resume/d357276f0006b3b0a20039ed1f6f556152784d
Бухгалтер,https://hh.ru/resume/571ddb650003c181100039ed1f4b66326a556d
Бухгалтер,https://hh.ru/resume/a275792d000401dee90039ed1f563930553556
Бухгалтер,https://hh.ru/resume/6fd022dc00011aa8450039ed1f6531524b3273
Бухгалтер,https://hh.ru/resume/00f108cb00076c405d0039ed1f686b455a577a
Бухгалтер,https://hh.ru/resume/47c985500002a3b5cf0039ed1f42574e667549
Бухгалтер,https://hh.ru/resume/8d918baa00008c832b0039ed1f736563726574
Бухгалтер,https://hh.ru/resume/58531766000135a7fb0039ed1f4e6671304b4f
Бухгалтер,https://hh.ru/resume/3c498079000000298d0039ed1f736563726574
Бухгалтер,https://hh.ru/resume/75518cf400014cf4f50039ed1f514e49387638
Бухгалтер,https://hh.ru/resume/e5220b6e000521998b0039ed1f7336676f5170
Бухгалтер,https://hh.ru/resume/97ab107000000d22810039ed1f736563726574
Бухгалтер,https://hh.ru/resume/b06e9fed00038819160039ed1f746b474c7431
Бухгалтер,https://hh.ru/resume/aba5c31c0003e019390039ed1f4c4d6f4b7974
Бухгалтер,https://hh.ru/resume/7f07ae5000019a5ee80039ed1f3473424f3354
Бухгалтер,https://hh.ru/resume/e24d06670002ab95140039ed1f72594d77504e
Бухгалтер,https://hh.ru/resume/0b39f8ad00074c250e0039ed1f36455079597a
Бухгалтер,https://hh.ru/resume/8fc13c0f000202bb1c0039ed1f4b6a49613361
Бухгалтер,https://hh.ru/resume/fabfb6b9000193e6610039ed1f525a39765931
Бухгалтер,https://hh.ru/resume/bb0057b700075a31f10039ed1f79314c584867
Бухгалтер,https://hh.ru/resume/7c105fa30007d199330039ed1f5536334e3633
Бухгалтер,https://hh.ru/resume/86086dfa00043c92750039ed1f686a506d6b51
Бухгалтер,https://hh.ru/resume/e321380800039136fe0039ed1f55476c4a3268
Бухгалтер,https://hh.ru/resume/6ec68c49000187476e0039ed1f517a55495953
Бухгалтер,https://hh.ru/resume/c6bfbdf500037948640039ed1f667373716957
Бухгалтер,https://hh.ru/resume/2d65d83a0001426c430039ed1f3530725a565a
Бухгалтер,https://hh.ru/resume/06b3d7d100067cf0d10039ed1f59494e375471
Бухгалтер,https://hh.ru/resume/e849f15400040cce810039ed1f6c485a676876
Бухгалтер,https://hh.ru/resume/01566367000458cf570039ed1f737676574b35
Бухгалтер,https://hh.ru/resume/35fe43b8000736d3db0039ed1f66465574354a
Бухгалтер,https://hh.ru/resume/3fd76b35000392bd9b0039ed1f634667674d50
Бухгалтер,https://hh.ru/resume/80677ad60003f46c460039ed1f473841645a4e
Бухгалтер,https://hh.ru/resume/2d1ba4240005ca95ff0039ed1f316d72737a55
Бухгалтер,https://hh.ru/resume/efc88f4200022b945a0039ed1f365877764c4c
Бухгалтер,https://hh.ru/resume/ea0b274b00074ef6c70039ed1f615841574e51
Бухгалтер,https://hh.ru/resume/48204d740005fc4a1a0039ed1f377a504e5630
Бухгалтер,https://hh.ru/resume/af53140b00021758fc0039ed1f555038354e5a
Бухгалтер,https://hh.ru/resume/8ec2d56400029dfae70039ed1f6b6874447a52
Бухгалтер,https://hh.ru/resume/f2e5b53e00032f40040039ed1f66525754544b
Бухгалтер,https://hh.ru/resume/b2e1681e00034d1f0d0039ed1f646e59766346
Бухгалтер,https://hh.ru/resume/9051b12e0000d8b7160039ed1f615452493936
Бухгалтер,https://hh.ru/resume/302d0ece0007bcf67c0039ed1f486b53353054
Бухгалтер,https://hh.ru/resume/76ecafd30001a60b5a0039ed1f7150514c5239
Бухгалтер,https://hh.ru/resume/8c3285030002e4f6eb0039ed1f7664766e4c7a
Бухгалтер,https://hh.ru/resume/c3755f6e0001a1a4f90039ed1f364b34764d30
Бухгалтер,https://hh.ru/resume/f41f63d800047f24550039ed1f6a4d77595551
Бухгалтер,https://hh.ru/resume/a34039a30001f7b2140039ed1f49556c516475
Бухгалтер,https://hh.ru/resume/015095b500026bbe210039ed1f746876654955
Бухгалтер,https://hh.ru/resume/8b5f1bd60000e5dae40039ed1f52306f616676
Бухгалтер,https://hh.ru/resume/fe5e8306000502319d0039ed1f437056776e54
Бухгалтер,https://hh.ru/resume/69ff28ff00020c41860039ed1f4e3276734d49
Бухгалтер,https://hh.ru/resume/359fc9ac0002a9179e0039ed1f62797a597341
Бухгалтер,https://hh.ru/resume/841d165800082dac310039ed1f506263713947
Бухгалтер,https://hh.ru/resume/93385ab900079e9f330039ed1f6a4646564a79
Бухгалтер,https://hh.ru/resume/e545c1450003c3a9d40039ed1f6950304c556b
Бухгалтер,https://hh.ru/resume/ddb2ac770002ad2fae0039ed1f714a37517041
Бухгалтер,https://hh.ru/resume/cef4102a0008ec70310039ed1f336f34727a61
Бухгалтер,https://hh.ru/resume/b70a2f4200034dab990039ed1f523373346f49
Бухгалтер,https://hh.ru/resume/4a639bef0001e414b20039ed1f6f795462326c
Бухгалтер,https://hh.ru/resume/389bd50000028c472d0039ed1f464653354c50
Бухгалтер,https://hh.ru/resume/fcc765170003655c3c0039ed1f6667744c495a
Бухгалтер,https://hh.ru/resume/d3e46d4f000197b9b70039ed1f443367754b42
Бухгалтер,https://hh.ru/resume/c065c28a00084fd7a10039ed1f336f714d7165
Бухгалтер,https://hh.ru/resume/213479ca00032334200039ed1f703245353572
Бухгалтер,https://hh.ru/resume/b6696dc400012633100039ed1f44435278714e
Бухгалтер,https://hh.ru/resume/47ab18680000c768870039ed1f497530536975
Бухгалтер,https://hh.ru/resume/5f08adbe0008a798e80039ed1f504a46527644
Бухгалтер,https://hh.ru/resume/e5d1094d0001da54630039ed1f6f6f51614344
Бухгалтер,https://hh.ru/resume/60e9926800001cc14b0039ed1f736563726574
Бухгалтер,https://hh.ru/resume/28dcda440001ec0f380039ed1f3444756a4351
Бухгалтер,https://hh.ru/resume/a25d21cb00033701770039ed1f47524963454a
Бухгалтер,https://hh.ru/resume/cdb58c8f0002b5b1c80039ed1f327172714c6a
Бухгалтер,https://hh.ru/resume/96bbc1f90005ccdf2f0039ed1f5055597a4c53
Бухгалтер,https://hh.ru/resume/a761998300079897190039ed1f7a6662626931
Бухгалтер,https://hh.ru/resume/e2d6f60a0002e26dea0039ed1f64775930534b
Бухгалтер,https://hh.ru/resume/8e851658000477082d0039ed1f67536c493274
Бухгалтер,https://hh.ru/resume/a8d841d20007e6a1930039ed1f6b4436693252
Бухгалтер,https://hh.ru/resume/82b652270005dd9c260039ed1f6a307062736a
Бухгалтер,https://hh.ru/resume/d4012b6a0001266e2e0039ed1f586a50697054
Бухгалтер,https://hh.ru/resume/4f0054000004f51d4a0039ed1f3470794d5966
Бухгалтер,https://hh.ru/resume/15e0d81e0004410a8c0039ed1f335273477551
Бухгалтер,https://hh.ru/resume/377178680001932f9b0039ed1f495332626e50
Бухгалтер,https://hh.ru/resume/1585f2600001fa28ac0039ed1f7469494c726c
Бухгалтер,https://hh.ru/resume/8c674e45000211fa6a0039ed1f6a384e41486b
Бухгалтер,https://hh.ru/resume/e8366c6e00012906cd0039ed1f4135424a6666
Бухгалтер,https://hh.ru/resume/06c74bab00015a4d260039ed1f5578736a7247
Бухгалтер,https://hh.ru/resume/259b004c000046b9200039ed1f736563726574
Бухгалтер,https://hh.ru/resume/de19e2e10000ef50520039ed1f6f6b4d356132
Бухгалтер,https://hh.ru/resume/65570edf0001ab1f460039ed1f5a41366e4f31
Бухгалтер,https://hh.ru/resume/bb76ed710008eff7640039ed1f7a457a6d4243
Бухгалтер,https://hh.ru/resume/fb54aba500032330e00039ed1f4f364e743531
Бухгалтер,https://hh.ru/resume/564b08000002a92d630039ed1f4f567944366a
Бухгалтер,https://hh.ru/resume/5036491e00039a7c010039ed1f38443538754b
Бухгалтер,https://hh.ru/resume/f3cd64670001b5c9660039ed1f72626a324658
Бухгалтер,https://hh.ru/resume/6e7ecf9c000261764b0039ed1f414164496365
Бухгалтер,https://hh.ru/resume/ee115d500000e0c5570039ed1f746a76634c6f
Бухгалтер,https://hh.ru/resume/078e61970001f441770039ed1f6f54584e3463
Бухгалтер,https://hh.ru/resume/aedacb660002af9e860039ed1f5a395a587775
Бухгалтер,https://hh.ru/resume/2daba1e20001bf306b0039ed1f4c6b444e4671
Бухгалтер,https://hh.ru/resume/16582e4d00071da4d00039ed1f7052796d436b
Бухгалтер,https://hh.ru/resume/469ce4860006d5563f0039ed1f3778394c6e79
Бухгалтер,https://hh.ru/resume/3a002ca9000497c40a0039ed1f394f4872356c
Бухгалтер,https://hh.ru/resume/69e8e82a00062cbbf20039ed1f62756a436743
Бухгалтер,https://hh.ru/resume/345d7f65000354d9750039ed1f50357036306a
Бухгалтер,https://hh.ru/resume/a06412a600019fec970039ed1f313255784661
Бухгалтер,https://hh.ru/resume/3a3cb7c2000402bc240039ed1f3447566b376f
Бухгалтер,https://hh.ru/resume/c9b797840001855b990039ed1f6a7530464150
Бухгалтер,https://hh.ru/resume/434d0c080008769c0c0039ed1f616335483648
Бухгалтер,https://hh.ru/resume/f2b47c71000226c6370039ed1f663231714c45
Бухгалтер,https://hh.ru/resume/23a8f5470004f28c720039ed1f393065635756
Бухгалтер,https://hh.ru/resume/9b4fd69c000511d0e50039ed1f36774b427071
Бухгалтер,https://hh.ru/resume/28ab0ce700029f68660039ed1f4f7478697866
Бухгалтер,https://hh.ru/resume/4e47047e0001da7f370039ed1f364e4c53576f
Бухгалтер,https://hh.ru/resume/a31f29550002d534fb0039ed1f534a72464f52
Бухгалтер,https://hh.ru/resume/7a0c6410000341947d0039ed1f617558314b4d
Бухгалтер,https://hh.ru/resume/008f8f790002d1bb9f0039ed1f34356a733874
Бухгалтер,https://hh.ru/resume/d05c9c700006258f1f0039ed1f5479694f4630
Бухгалтер,https://hh.ru/resume/2dc06bf000054f10090039ed1f4c655166466a
Бухгалтер,https://hh.ru/resume/5c47303a000697848b0039ed1f797268543449
Бухгалтер,https://hh.ru/resume/96b4cde60001db2b6d0039ed1f453955664571
Бухгалтер,https://hh.ru/resume/e27125b40002e855120039ed1f736f3259344f
Бухгалтер,https://hh.ru/resume/757c81fb0001d5a1bd0039ed1f73636159374e
Бухгалтер,https://hh.ru/resume/ed3e269100086a085e0039ed1f48526c785578
Бухгалтер,https://hh.ru/resume/6089739700003c11060039ed1f736563726574
Бухгалтер,https://hh.ru/resume/0183382c000744e8470039ed1f6e4a456a375a
Бухгалтер,https://hh.ru/resume/6b38b2950008502f1b0039ed1f4f3158426b50
Бухгалтер,https://hh.ru/resume/68ba140400030c02500039ed1f3748644f6975
Бухгалтер,https://hh.ru/resume/f266392400024901780039ed1f393562474736
Бухгалтер,https://hh.ru/resume/91ce514400009d84850039ed1f736563726574
Бухгалтер,https://hh.ru/resume/808493db000808df530039ed1f39705a487944
Бухгалтер,https://hh.ru/resume/7115d17600037ae8a60039ed1f5572474f6c59
Бухгалтер,https://hh.ru/resume/166549a5000093189f0039ed1f736563726574
Бухгалтер,https://hh.ru/resume/f38918eb000380e98b0039ed1f6f507150366b
Бухгалтер,https://hh.ru/resume/33d932d6000285f8d90039ed1f394661436c4a
Бухгалтер,https://hh.ru/resume/89f1982e00080aad640039ed1f774959536d5a
Бухгалтер,https://hh.ru/resume/187bef76000198cce90039ed1f587867537146
Бухгалтер,https://hh.ru/resume/a8f69b4500012311ba0039ed1f51634f6c3174
Бухгалтер,https://hh.ru/resume/8ae1741400009a22b00039ed1f736563726574
Бухгалтер,https://hh.ru/resume/4c73828d0001d6ef760039ed1f656848356b77
Бухгалтер,https://hh.ru/resume/6b2582830000cfe73e0039ed1f703273445330
Бухгалтер,https://hh.ru/resume/485cda40000646e5e90039ed1f646c4c463547
Бухгалтер,https://hh.ru/resume/08180b810001d8901a0039ed1f35375157704e
Бухгалтер,https://hh.ru/resume/9d13ae080005de91420039ed1f775933726961
Бухгалтер,https://hh.ru/resume/20e5d4dd0007abc6150039ed1f324773573832
Бухгалтер,https://hh.ru/resume/3a4ecdfb0002eb16190039ed1f587846735475
Бухгалтер,https://hh.ru/resume/4255b7530003840f370039ed1f3574556e644c
Бухгалтер,https://hh.ru/resume/2cd488180004ec738a0039ed1f546c66423734
Бухгалтер,https://hh.ru/resume/6646a90b0000b0ba750039ed1f736563726574
Бухгалтер,https://hh.ru/resume/d74f2ea70008e325280039ed1f4e5473695a39
Бухгалтер,https://hh.ru/resume/b5a13a9d000591c38e0039ed1f6b4855646f6f
Бухгалтер,https://hh.ru/resume/b9ec583f00046242a90039ed1f74704b46534f
Бухгалтер,https://hh.ru/resume/f995af1c00016323a60039ed1f354c7a486653
Бухгалтер,https://hh.ru/resume/51c990cf00024fe3db0039ed1f7a3863527563
Бухгалтер,https://hh.ru/resume/c827877c000296333c0039ed1f746943483455
Бухгалтер,https://hh.ru/resume/61689d10000442d7290039ed1f7963474b5279
Бухгалтер,https://hh.ru/resume/9f0cfdc70001a7ed2b0039ed1f514e54756264
Бухгалтер,https://hh.ru/resume/d11653030002cb50a10039ed1f384655553635
Бухгалтер,https://hh.ru/resume/c8179d830002e2e21e0039ed1f61756a50626e
Бухгалтер,https://hh.ru/resume/b76a879300018ff8e00039ed1f555533626459
Бухгалтер,https://hh.ru/resume/c841d45a0003a3253a0039ed1f636a35356f52
Бухгалтер,https://hh.ru/resume/20e4881a000164a26e0039ed1f48685a477034
Бухгалтер,https://hh.ru/resume/f66c8bd200040f058a0039ed1f307038305742
Бухгалтер,https://hh.ru/resume/c66eb80f0002188ae70039ed1f386d4c644b78
Бухгалтер,https://hh.ru/resume/b5e4762d0004f2e67a0039ed1f4f5530624c59
Бухгалтер,https://hh.ru/resume/f3844a27000780ad3f0039ed1f66724c6f4c68
Бухгалтер,https://hh.ru/resume/9a3b9772000173ecf20039ed1f743639696878
Бухгалтер,https://hh.ru/resume/678c084a00006551770039ed1f736563726574
Бухгалтер,https://hh.ru/resume/a6fa2c5200080684980039ed1f354f396b7345
Бухгалтер,https://hh.ru/resume/d90e1ebf000064c8480039ed1f736563726574
Бухгалтер,https://hh.ru/resume/36848c890000098e850039ed1f736563726574
Бухгалтер,https://hh.ru/resume/3eb8e33f0000b0fb900039ed1f736563726574
Бухгалтер,https://hh.ru/resume/0e5a44ad000092f0270039ed1f736563726574
Бухгалтер,https://hh.ru/resume/183fa05e0001a5f5110039ed1f695173576367
Бухгалтер,https://hh.ru/resume/e53cca83000289fa090039ed1f713833384f4a
Бухгалтер,https://hh.ru/resume/85343e7f0005c33c570039ed1f427852776944
Бухгалтер,https://hh.ru/resume/d31b93e500010fa0620039ed1f6d6145394836
Бухгалтер,https://hh.ru/resume/45903578000001c9020039ed1f736563726574
Бухгалтер,https://hh.ru/resume/d51039080000e9787b0039ed1f67787a5a3265
Бухгалтер,https://hh.ru/resume/9b439cf600003d1d000039ed1f736563726574
Бухгалтер,https://hh.ru/resume/d1f1603500059a7f520039ed1f784d6d586936
Бухгалтер,https://hh.ru/resume/523e16890000b7aad50039ed1f736563726574
Бухгалтер,https://hh.ru/resume/aa1948eb000261a1170039ed1f3074666b746f
Бухгалтер,https://hh.ru/resume/f39c2d620002ab19010039ed1f746a7139776c
Бухгалтер,https://hh.ru/resume/6b01029c0001b8ee9d0039ed1f6d70534d3149
Бухгалтер,https://hh.ru/resume/bce5c920000434627f0039ed1f3445786a4d52
Бухгалтер,https://hh.ru/resume/fdc819810006c7918b0039ed1f766669317a6a
Бухгалтер,https://hh.ru/resume/d1e10e670002d59bcd0039ed1f31637470334c
Бухгалтер,https://hh.ru/resume/bf41cea900088825060039ed1f4263536a474f
Бухгалтер,https://hh.ru/resume/55a93afd00039477b50039ed1f4264524d526d
Бухгалтер,https://hh.ru/resume/4ecb28920007405b7a0039ed1f73764e685072
Бухгалтер,https://hh.ru/resume/1c11280d00018009f50039ed1f6250334c7359
Бухгалтер,https://hh.ru/resume/c366785e000141b1840039ed1f447361386c66
Бухгалтер,https://hh.ru/resume/b60b114200075d43870039ed1f62666f6c4e79
Бухгалтер,https://hh.ru/resume/6b25fdbe0000f6bc340039ed1f44574c6e4434
Бухгалтер,https://hh.ru/resume/5b3f885a0007cab8260039ed1f57715a564a4b
Бухгалтер,https://hh.ru/resume/118e403a00011686800039ed1f766454746d42
Бухгалтер,https://hh.ru/resume/aa650e3c00015881a00039ed1f5a5361684e32
Бухгалтер,https://hh.ru/resume/a5f67d6b0007b4727a0039ed1f55756370534f
Бухгалтер,https://hh.ru/resume/07eb53d50001e18a5c0039ed1f304459534647
Бухгалтер,https://hh.ru/resume/f339fe8e00036a8bf60039ed1f33326c756237
Бухгалтер,https://hh.ru/resume/4bc1872700016442b70039ed1f5a6f50717a39
Бухгалтер,https://hh.ru/resume/da74ab580004f2f6c70039ed1f663535617452
Бухгалтер,https://hh.ru/resume/d819a0de0002f1dc7f0039ed1f544b6f744843
Бухгалтер,https://hh.ru/resume/7de3e76a0002e092750039ed1f7376444b7a53
Бухгалтер,https://hh.ru/resume/d109de960000bc445d0039ed1f736563726574
Бухгалтер,https://hh.ru/resume/08af4b51000640833c0039ed1f45556c497041
Бухгалтер,https://hh.ru/resume/e00d0eb900022d54570039ed1f634d7451455a
Бухгалтер,https://hh.ru/resume/22018808000160896d0039ed1f754c35346552
Бухгалтер,https://hh.ru/resume/e2897d81000441c8cb0039ed1f487738443447
Бухгалтер,https://hh.ru/resume/c267d3d20003de2fc00039ed1f335261674646
Бухгалтер,https://hh.ru/resume/28088124000078bd660039ed1f736563726574
Бухгалтер,https://hh.ru/resume/79b08e5b000480f2850039ed1f63687974386e
Бухгалтер,https://hh.ru/resume/d08ee4860004d7b33a0039ed1f6c714e596677
Бухгалтер,https://hh.ru/resume/666902db0002bf65280039ed1f635773385242
Бухгалтер,https://hh.ru/resume/318ea17b00020b4d690039ed1f6d6971593765
Бухгалтер,https://hh.ru/resume/d5cfda7e0002e2acff0039ed1f5a30796a6345
Бухгалтер,https://hh.ru/resume/15f730f200012209f80039ed1f7a436b737459
Бухгалтер,https://hh.ru/resume/bd462c330002a1cdf00039ed1f61364b457a43
Бухгалтер,https://hh.ru/resume/0e6f1d180001c49bb40039ed1f523379765670
Бухгалтер,https://hh.ru/resume/e3618349000883392e0039ed1f565732796553
Бухгалтер,https://hh.ru/resume/429c5fe0000569057d0039ed1f737169426244
Бухгалтер,https://hh.ru/resume/29fcabbe0005f78fa80039ed1f6c4678554778
Бухгалтер,https://hh.ru/resume/db94b6ff0001a7908b0039ed1f46555a31766e
Бухгалтер,https://hh.ru/resume/b13ac2d30000484bf80039ed1f736563726574
Бухгалтер,https://hh.ru/resume/e155c0e700007abe5a0039ed1f736563726574
Бухгалтер,https://hh.ru/resume/0544afcd0002754ffd0039ed1f437133585067
Бухгалтер,https://hh.ru/resume/d10e1b7500074c0e6c0039ed1f46524c56494e
Бухгалтер,https://hh.ru/resume/bf4ecf250000c618f50039ed1f496c514c3871
Бухгалтер,https://hh.ru/resume/5dc8781e0005555e800039ed1f6c4b78344854
Бухгалтер,https://hh.ru/resume/00b033960005994dd60039ed1f503459504348
Бухгалтер,https://hh.ru/resume/235c42ae0007a5b7590039ed1f55726c6b3665
Бухгалтер,https://hh.ru/resume/38a9f7ee0000016b2c0039ed1f736563726574
Бухгалтер,https://hh.ru/resume/409bf938000009caae0039ed1f736563726574
Бухгалтер,https://hh.ru/resume/d0f512610002873c020039ed1f4a6e41623653
Бухгалтер,https://hh.ru/resume/831898300008ece4660039ed1f455149473648
Бухгалтер,https://hh.ru/resume/2e9b18d0000179370e0039ed1f5273646f5446
Бухгалтер,https://hh.ru/resume/3ff3f72c00067bcd5e0039ed1f334173753838
Бухгалтер,https://hh.ru/resume/daadf3fe000078a2920039ed1f736563726574
Бухгалтер,https://hh.ru/resume/aa5f1afe00072932de0039ed1f6b6c644b6a67
Бухгалтер,https://hh.ru/resume/2a58ec680000aa02de0039ed1f736563726574
Бухгалтер,https://hh.ru/resume/eb9871d90001a48ac50039ed1f31756f45504a
Бухгалтер,https://hh.ru/resume/30b5ad230007961b0e0039ed1f75553447506b
Бухгалтер,https://hh.ru/resume/1c7ddf880000f9a1ea0039ed1f6e77796e6737
Бухгалтер,https://hh.ru/resume/ec78548f000830e8af0039ed1f424678336b77
Бухгалтер,https://hh.ru/resume/e02f6ee90001d191570039ed1f46736a565775
Бухгалтер,https://hh.ru/resume/557b396500016f02f70039ed1f6b4f76773966
Бухгалтер,https://hh.ru/resume/73ca5dcb000548387a0039ed1f44366b754737
Бухгалтер,https://hh.ru/resume/3fafafd300038875550039ed1f337730573235
Бухгалтер,https://hh.ru/resume/5cf4c06f00045815c90039ed1f484377784f33
Бухгалтер,https://hh.ru/resume/1cef23af0006a7521f0039ed1f39705567634e
Бухгалтер,https://hh.ru/resume/2eec00060007c1c15e0039ed1f536154636753
Бухгалтер,https://hh.ru/resume/c65e4241000141b3700039ed1f566c644f6636
Бухгалтер,https://hh.ru/resume/8d26f50f0008634d3a0039ed1f4467546c5346
Бухгалтер,https://hh.ru/resume/db25236e0001cbce740039ed1f417064643438
Бухгалтер,https://hh.ru/resume/aa5f1220000125f07e0039ed1f4537396b3347
Бухгалтер,https://hh.ru/resume/9e674f03000313b2570039ed1f6b48564f4463
Бухгалтер,https://hh.ru/resume/6dc2b5d9000452cf880039ed1f373456743961
Бухгалтер,https://hh.ru/resume/4e5e20b80002eefadd0039ed1f6c4c587a4b54
Бухгалтер,https://hh.ru/resume/aed6032300042a169f0039ed1f7052734f5738
Бухгалтер,https://hh.ru/resume/bc9fe52700033b22050039ed1f343238633964
Бухгалтер,https://hh.ru/resume/fc766bcb0001be9e450039ed1f69496543476f
Бухгалтер,https://hh.ru/resume/fb4f46cb0002ae84740039ed1f4b6155506449
Бухгалтер,https://hh.ru/resume/fdce72dc0001da1fd90039ed1f5157485a7a54
Бухгалтер,https://hh.ru/resume/4df3b09400040a7af60039ed1f734269395a56
Бухгалтер,https://hh.ru/resume/cf7c33a00000436f4d0039ed1f736563726574
Бухгалтер,https://hh.ru/resume/1bc90a89000369eacd0039ed1f6a5a674c7257
Бухгалтер,https://hh.ru/resume/dacdba380004f9908f0039ed1f475748706d79
Бухгалтер,https://hh.ru/resume/9db775f1000161d2450039ed1f4c4272476f4a
Бухгалтер,https://hh.ru/resume/3a12acc500055998fd0039ed1f597a4a666c78
Бухгалтер,https://hh.ru/resume/3ee95d1d0001a09bed0039ed1f476e4e695353
Бухгалтер,https://hh.ru/resume/496af6570001f80adb0039ed1f41637a6a4854
Бухгалтер,https://hh.ru/resume/8cf0dcfd0001c679740039ed1f7434434b6750
Бухгалтер,https://hh.ru/resume/338b0ca500009abaa80039ed1f736563726574
Бухгалтер,https://hh.ru/resume/ca02d76300028c85e50039ed1f6d4d73634855
Бухгалтер,https://hh.ru/resume/acc6eff1000687fe5d0039ed1f6c5075586e37
Бухгалтер,https://hh.ru/resume/f5f8a55400059df92b0039ed1f3443614f5335
Бухгалтер,https://hh.ru/resume/e7d424f300064932a60039ed1f79336e303161
Бухгалтер,https://hh.ru/resume/319b73e600025be93b0039ed1f774a5355346f
Бухгалтер,https://hh.ru/resume/de86eb3f00034804800039ed1f4a53626a6355
Бухгалтер,https://hh.ru/resume/f7ca9ee000013192190039ed1f677962577046
Бухгалтер,https://hh.ru/resume/e451debb0005acc8740039ed1f74694469686b
Бухгалтер,https://hh.ru/resume/cbe1d6db0008bc4ef50039ed1f6d3063773735
Бухгалтер,https://hh.ru/resume/c450bac700001596860039ed1f736563726574
Бухгалтер,https://hh.ru/resume/5c192d6a0002e17d2e0039ed1f5a4c534c327a
Бухгалтер,https://hh.ru/resume/0c89f05e0002ea03fc0039ed1f6b6e55343644
Бухгалтер,https://hh.ru/resume/d591fce700012c2ee80039ed1f715535584649
Бухгалтер,https://hh.ru/resume/782e80ca00000a9f670039ed1f736563726574
Бухгалтер,https://hh.ru/resume/36b5322c000457f7910039ed1f6a684d75656e
Бухгалтер,https://hh.ru/resume/5bd5bcb60002ef3f4a0039ed1f565770726a4e
Бухгалтер,https://hh.ru/resume/99b51a58000465f0e80039ed1f3144444f724b
Бухгалтер,https://hh.ru/resume/b6858ebd000685068c0039ed1f5264617a6d5a
Бухгалтер,https://hh.ru/resume/768fb047000599566f0039ed1f703250376768
Бухгалтер,https://hh.ru/resume/b55d9fe20000cf90180039ed1f4f4841765832
Бухгалтер,https://hh.ru/resume/5a7e9610000115a17b0039ed1f7a3953347642
Бухгалтер,https://hh.ru/resume/60b83a6d0000065d1f0039ed1f736563726574
Бухгалтер,https://hh.ru/resume/5a4780a8000219ff530039ed1f5633544f4538
Бухгалтер,https://hh.ru/resume/0490c69000008f841f0039ed1f736563726574
Бухгалтер,https://hh.ru/resume/b88dce9c000617388d0039ed1f5375474c6b6e
Бухгалтер,https://hh.ru/resume/8d2a6b2e00008bab930039ed1f736563726574
Бухгалтер,https://hh.ru/resume/b8c8841d0001e059ef0039ed1f6d4b39576b54
Бухгалтер,https://hh.ru/resume/d05b066a0000ad29370039ed1f736563726574
Бухгалтер,https://hh.ru/resume/b77997c1000040f6b00039ed1f736563726574
Бухгалтер,https://hh.ru/resume/62b229e5000200843f0039ed1f346e74495147
Бухгалтер,https://hh.ru/resume/a339dba30001e2cf9c0039ed1f636435315168
Бухгалтер,https://hh.ru/resume/296cee310001c9efc60039ed1f464c58355335
Бухгалтер,https://hh.ru/resume/314b7be80002439cd00039ed1f557630796273
Бухгалтер,https://hh.ru/resume/feae537d0000a5b43e0039ed1f736563726574
Бухгалтер,https://hh.ru/resume/fb3551d700076ee9370039ed1f677733375632
Бухгалтер,https://hh.ru/resume/6664c6960002e543c30039ed1f6c4549303745
Бухгалтер,https://hh.ru/resume/3189c7350007fa8f860039ed1f734634516149
Бухгалтер,https://hh.ru/resume/895b19fe00034ad2a10039ed1f564e574e3469
Бухгалтер,https://hh.ru/resume/7774570300022951700039ed1f536644344978
Бухгалтер,https://hh.ru/resume/a4fbbcc000006bfcb00039ed1f736563726574
Бухгалтер,https://hh.ru/resume/97460fe400021019f90039ed1f5a6e3472746f
Бухгалтер,https://hh.ru/resume/c7a0c7aa0000c5596b0039ed1f6357416d4556
Бухгалтер,https://hh.ru/resume/2832590e0001867cd00039ed1f7a5274453664
Бухгалтер,https://hh.ru/resume/3d0f7d370004e93a880039ed1f7a7058315775
Бухгалтер,https://hh.ru/resume/e0f45c0700030186a10039ed1f414d59424b31
Бухгалтер,https://hh.ru/resume/81c067fb000392764e0039ed1f666a43614d55
Бухгалтер,https://hh.ru/resume/e62dd22400021cc48a0039ed1f6d655459634f
Бухгалтер,https://hh.ru/resume/76a5442300007b8b630039ed1f736563726574
Бухгалтер,https://hh.ru/resume/19cc4e910000925c0e0039ed1f736563726574
Бухгалтер,https://hh.ru/resume/1f4041be0000b672db0039ed1f736563726574
Бухгалтер,https://hh.ru/resume/5a03ab6c00011f7d4c0039ed1f565579515461
Бухгалтер,https://hh.ru/resume/7e52914800004c84a70039ed1f736563726574
Бухгалтер,https://hh.ru/resume/bf8b4f0100040241b50039ed1f657335464a61
Бухгалтер,https://hh.ru/resume/b048a45b000101e9560039ed1f4874694e7552
Бухгалтер,https://hh.ru/resume/83656ad10002cf562f0039ed1f67713345374b
Бухгалтер,https://hh.ru/resume/dfa0318800002cbe030039ed1f736563726574
Бухгалтер,https://hh.ru/resume/cb00ff600002cbb88f0039ed1f7945544c6564
Бухгалтер,https://hh.ru/resume/c00c2e16000302c27d0039ed1f385478324a45
Бухгалтер,https://hh.ru/resume/8b3a302c000222c0460039ed1f6e5a3830786d
Бухгалтер,https://hh.ru/resume/bab0a37900018aaf330039ed1f484644583844
Бухгалтер,https://hh.ru/resume/b41dfcb70006db77870039ed1f4e4c756c3161
Бухгалтер,https://hh.ru/resume/d2a68bbb0001bdf8150039ed1f754348525372
Бухгалтер,https://hh.ru/resume/23d5af3400002bd92d0039ed1f736563726574
Бухгалтер,https://hh.ru/resume/cb429f17000411f04f0039ed1f5859326a7250
Бухгалтер,https://hh.ru/resume/524a147400052621d40039ed1f4268585a516e
Бухгалтер,https://hh.ru/resume/0c30783a0002431a430039ed1f685739523357
Бухгалтер,https://hh.ru/resume/5a5ee618000216eb1b0039ed1f494c59697843
Бухгалтер,https://hh.ru/resume/8027dc9300023b797f0039ed1f45534f486632
Бухгалтер,https://hh.ru/resume/32409cfb0005b3bb430039ed1f486d76755161
Бухгалтер,https://hh.ru/resume/f173caa40008498fe70039ed1f4c5a544f4956
Бухгалтер,https://hh.ru/resume/8ac1ace000058c5eee0039ed1f36384f444452
Бухгалтер,https://hh.ru/resume/af5681c200008d9c600039ed1f736563726574
Бухгалтер,https://hh.ru/resume/db6a1d23000425fd190039ed1f65634c7a5834
Бухгалтер,https://hh.ru/resume/ca0f13210001b26f100039ed1f6b7a50646152
Бухгалтер,https://hh.ru/resume/96418379000267adb60039ed1f4a324a673168
Бухгалтер,https://hh.ru/resume/4a95154600036bce240039ed1f4a5a53485a58
Бухгалтер,https://hh.ru/resume/9c21344d00072a63280039ed1f5a376877396e
Бухгалтер,https://hh.ru/resume/97b3e1b20001f16a9d0039ed1f30747a757132
Бухгалтер,https://hh.ru/resume/2d4e3b8a00010d59dd0039ed1f49487974464a
Бухгалтер,https://hh.ru/resume/ddc2e71a0000fb86be0039ed1f62564c347734
Бухгалтер,https://hh.ru/resume/667ccc2600010dac3d0039ed1f466179396554
Бухгалтер,https://hh.ru/resume/a589dedf000121e6cb0039ed1f6977614c5442
Бухгалтер,https://hh.ru/resume/3ec7336a00026055cb0039ed1f4961526b4976
Бухгалтер,https://hh.ru/resume/7b8cf0fb0002a09ca20039ed1f347746755431
Бухгалтер,https://hh.ru/resume/354f4ee30004da71bb0039ed1f6d76624f6777
Бухгалтер,https://hh.ru/resume/28f7d6fe0003b30b500039ed1f65543052446c
Бухгалтер,https://hh.ru/resume/20a1714900074822fc0039ed1f6c5353314336
Бухгалтер,https://hh.ru/resume/a286a2fd0001ad381d0039ed1f6a4e44646733
Бухгалтер,https://hh.ru/resume/29e897be00003d240b0039ed1f736563726574
Бухгалтер,https://hh.ru/resume/cd52951600050204320039ed1f6e7764707858
Бухгалтер,https://hh.ru/resume/876b4f3f00013c7b9a0039ed1f616b38314843
Бухгалтер,https://hh.ru/resume/9b245173000332aa220039ed1f38735a504b35
Бухгалтер,https://hh.ru/resume/4654fcd80003b2c5950039ed1f5558374d6965
Бухгалтер,https://hh.ru/resume/d6e5c81a0007a8e84d0039ed1f324e784a7344
Бухгалтер,https://hh.ru/resume/352d3e98000050b14c0039ed1f736563726574
Бухгалтер,https://hh.ru/resume/65ad1ed700012d59ee0039ed1f656d586f586a
Бухгалтер,https://hh.ru/resume/c012cee000000627040039ed1f736563726574
Бухгалтер,https://hh.ru/resume/09de130700010b120c0039ed1f79503654355a
Бухгалтер,https://hh.ru/resume/196f0ebe0008497df20039ed1f6b73794c4765
Бухгалтер,https://hh.ru/resume/4537b3850006bb86c90039ed1f3463724e6e47
Бухгалтер,https://hh.ru/resume/7e0c607600038c3bf90039ed1f5739355a6534
Бухгалтер,https://hh.ru/resume/02477b4d0005357dd00039ed1f5537587a6764
Бухгалтер,https://hh.ru/resume/06525e8000058fe59f0039ed1f574b494c7663
Бухгалтер,https://hh.ru/resume/b299e61d0005c7fd3d0039ed1f4b754f714748
Бухгалтер,https://hh.ru/resume/34d571540004e0a22a0039ed1f436654673252
Бухгалтер,https://hh.ru/resume/88b2886700010c1e0b0039ed1f745752533743
Бухгалтер,https://hh.ru/resume/1b72ae930000eec1300039ed1f6a535261376b
Бухгалтер,https://hh.ru/resume/6375a87100036d376d0039ed1f6f4b35515879
Менеджер по продажам,https://hh.ru/resume/0e8ff5680001409a950039ed1f687a6b693963
Менеджер по продажам,https://hh.ru/resume/5b93e0550002ebb2ce0039ed1f597a387a7257
Менеджер по продажам,https://hh.ru/resume/05cda0e40002e3899a0039ed1f384b716e344e
Менеджер по продажам,https://hh.ru/resume/17d1df04000043872c0039ed1f736563726574
Менеджер по продажам,https://hh.ru/resume/15fb298b00012ba1390039ed1f413161624f74
Менеджер по продажам,https://hh.ru/resume/283fb2bf0002fc007b0039ed1f4672754d6442
Менеджер по продажам,https://hh.ru/resume/f5a690c50000d98f420039ed1f6b696c68436a
Менеджер по продажам,https://hh.ru/resume/019ab2ba0002bedf290039ed1f387432724532
Менеджер по продажам,https://hh.ru/resume/f084ad360001ae1c600039ed1f647538374144
Менеджер по продажам,https://hh.ru/resume/92b2e3cd00082d1a190039ed1f356866437261
Менеджер по продажам,https://hh.ru/resume/d32f06b200018410120039ed1f597239333956
Менеджер по продажам,https://hh.ru/resume/75cffef700024d20860039ed1f577138307468
Менеджер по продажам,https://hh.ru/resume/e78d6d7800008386c90039ed1f736563726574
Менеджер по продажам,https://hh.ru/resume/2a5426be00074e52090039ed1f4e6f4a33324d
Менеджер по продажам,https://hh.ru/resume/cd29ac0600043842670039ed1f703148365a35
Менеджер по продажам,https://hh.ru/resume/916e1fc90005b938830039ed1f696c674b7357
Менеджер по продажам,https://hh.ru/resume/5f79ded700001149e20039ed1f736563726574
Менеджер по продажам,https://hh.ru/resume/3936ef83000728341d0039ed1f30474e534631
Менеджер по продажам,https://hh.ru/resume/d8fba92f0007f5fa440039ed1f34623361796c
Менеджер по продажам,https://hh.ru/resume/bd7101ef0008f38d360039ed1f645675653641
Менеджер по продажам,https://hh.ru/resume/66be51240008a92f630039ed1f586d30497641
Менеджер по продажам,https://hh.ru/resume/daf2f62700051769e40039ed1f636356394474
Менеджер по продажам,https://hh.ru/resume/1e170419000007f6870039ed1f736563726574
Менеджер по продажам,https://hh.ru/resume/cb5c8be600081f4d630039ed1f4e3244686a4b
Менеджер по продажам,https://hh.ru/resume/0ca1f9b900042f20cf0039ed1f44534c7a6e45
Менеджер по продажам,https://hh.ru/resume/a2e56ead000527d17d0039ed1f524675774164
Менеджер по продажам,https://hh.ru/resume/667137470007a68b3c0039ed1f38545a447554
Менеджер по продажам,https://hh.ru/resume/81d3b25f00020ac1da0039ed1f61703849747a
Менеджер по продажам,https://hh.ru/resume/c894470800038aa91c0039ed1f6b5038544145
Менеджер по продажам,https://hh.ru/resume/442b86d100023564ae0039ed1f764345383138
Менеджер по продажам,https://hh.ru/resume/7df4accf0005c749000039ed1f476856393533
Менеджер по продажам,https://hh.ru/resume/72aaeb9b00059783840039ed1f6e53497a6733
Менеджер по продажам,https://hh.ru/resume/89282a4c00074cb7e60039ed1f466956664f71
Менеджер по продажам,https://hh.ru/resume/f5252973000028f1510039ed1f736563726574
Менеджер по продажам,https://hh.ru/resume/30960af20003311e940039ed1f33736f6c6252
Менеджер по продажам,https://hh.ru/resume/ab245e9200012af6c20039ed1f48774b707061
Менеджер по продажам,https://hh.ru/resume/596fb05a000776f8c30039ed1f345751716a6f
Менеджер по продажам,https://hh.ru/resume/9f8bf647000067fc830039ed1f736563726574
Менеджер по продажам,https://hh.ru/resume/4669fb100001a289760039ed1f346577466964
Менеджер по продажам,https://hh.ru/resume/a53c017d0008c41e930039ed1f427030557972
Менеджер по продажам,https://hh.ru/resume/2caa8afb0001178ec70039ed1f4b7a77576d64
Менеджер по продажам,https://hh.ru/resume/3167c6ed0005a8a98a0039ed1f4341575a3278
Менеджер по продажам,https://hh.ru/resume/5a197edc00010dd7100039ed1f446868596255
Менеджер по продажам,https://hh.ru/resume/2bd3baaf0003c539a20039ed1f64664d444e63
Менеджер по продажам,https://hh.ru/resume/b3ae70320002d024c70039ed1f723331627833
Менеджер по продажам,https://hh.ru/resume/9059dfc6000824f0a50039ed1f3278774c6568
Менеджер по продажам,https://hh.ru/resume/1cffdb7c0001cc07f10039ed1f783858525757
Менеджер по продажам,https://hh.ru/resume/001e8bea00085063e40039ed1f3634546f6257
Менеджер по продажам,https://hh.ru/resume/f8527e6f0002bbb3f10039ed1f6e4571506e62
Менеджер по продажам,https://hh.ru/resume/c1a9138700063e3a210039ed1f474761735477
Менеджер по продажам,https://hh.ru/resume/173c0a7b00007d005b0039ed1f736563726574
Менеджер по продажам,https://hh.ru/resume/49d05562000114e08a0039ed1f5a6537745950
Менеджер по продажам,https://hh.ru/resume/7c155a81000284954e0039ed1f676b46644e4f
Менеджер по продажам,https://hh.ru/resume/b64385f60002f81cb30039ed1f653067776d74
Менеджер по продажам,https://hh.ru/resume/509c84ca000415d6460039ed1f394646307a43
Менеджер по продажам,https://hh.ru/resume/01c3230e0001aba22c0039ed1f4b5263634a64
Менеджер по продажам,https://hh.ru/resume/dc6f964a00021d31d20039ed1f45594f365073
Менеджер по продажам,https://hh.ru/resume/96783ea200037aacca0039ed1f33724e734539
Менеджер по продажам,https://hh.ru/resume/140315760004e78c120039ed1f774b6b31766b
Менеджер по продажам,https://hh.ru/resume/e460428c0008d5e95b0039ed1f675663656373
Менеджер по продажам,https://hh.ru/resume/8119c360000108e51a0039ed1f466d35316972
Менеджер по продажам,https://hh.ru/resume/7f5839e500020b6d560039ed1f577836685074
Менеджер по продажам,https://hh.ru/resume/945a5f8b0008ba1baf0039ed1f667141346576
Менеджер по продажам,https://hh.ru/resume/5460026400012304fa0039ed1f4f6f6a415159
Менеджер по продажам,https://hh.ru/resume/195368370002bef5230039ed1f326e7570474b
Менеджер по продажам,https://hh.ru/resume/d98ef345000853b06c0039ed1f314b71356678
Менеджер по продажам,https://hh.ru/resume/5d539bc60003b6a3980039ed1f7073704b424d
Менеджер по продажам,https://hh.ru/resume/4cca3e20000845cf880039ed1f5361584a666c
Менеджер по продажам,https://hh.ru/resume/625911e2000465dd3f0039ed1f515a4274426b
Менеджер по продажам,https://hh.ru/resume/7580ea000002426b330039ed1f63756a505479
Менеджер по продажам,https://hh.ru/resume/b8c8fb6100088715e20039ed1f787a54527370
Менеджер по продажам,https://hh.ru/resume/6fe1b80b00006fef340039ed1f736563726574
Менеджер по продажам,https://hh.ru/resume/6b6c7aca00002e13b60039ed1f736563726574
Менеджер по продажам,https://hh.ru/resume/f2243c3f000727a60a0039ed1f686a4434676c
Менеджер по продажам,https://hh.ru/resume/bc3f2eef0007e132da0039ed1f5030424f424b
Менеджер по продажам,https://hh.ru/resume/b74a61b2000257c39f0039ed1f5343507a6979
Менеджер по продажам,https://hh.ru/resume/1ba57328000090daf80039ed1f736563726574
Менеджер по продажам,https://hh.ru/resume/74716b580000aa87460039ed1f736563726574
Менеджер по продажам,https://hh.ru/resume/5e81b74e00000992650039ed1f736563726574
Менеджер по продажам,https://hh.ru/resume/edfa7f5a000725fe6d0039ed1f426537755868
Менеджер по продажам,https://hh.ru/resume/6b2f61340008976c160039ed1f794e446f3551
Менеджер по продажам,https://hh.ru/resume/9cbb1f2c0004bdaa2c0039ed1f48464234494a
Менеджер по продажам,https://hh.ru/resume/6bc827a40005f3cdaf0039ed1f515830585450
Менеджер по продажам,https://hh.ru/resume/554e0c720002af3d700039ed1f63676936616f
Менеджер по продажам,https://hh.ru/resume/ecba7ab00004e650f40039ed1f3638364a4466
Менеджер по продажам,https://hh.ru/resume/7032da0800003fcf260039ed1f736563726574
Менеджер по продажам,https://hh.ru/resume/16eeed01000542abbe0039ed1f626757656a50
Менеджер по продажам,https://hh.ru/resume/ca68f1d80004de3c3b0039ed1f72424b394951
Менеджер по продажам,https://hh.ru/resume/0aee935000024a08d40039ed1f334167343042
Менеджер по продажам,https://hh.ru/resume/f803950a000110ccea0039ed1f385675536f52
Менеджер по продажам,https://hh.ru/resume/fbb161260005c64b100039ed1f4e317a773264
Менеджер по продажам,https://hh.ru/resume/3585002a000758545f0039ed1f3139665a3359
Менеджер по продажам,https://hh.ru/resume/7f20d45d00027162410039ed1f6c5369654558
Менеджер по продажам,https://hh.ru/resume/445dda200003700e750039ed1f637262345652
Менеджер по продажам,https://hh.ru/resume/a25d036a000537fff80039ed1f446c65507a66
Менеджер по продажам,https://hh.ru/resume/7c2bc03400023c570e0039ed1f396c37656759
Менеджер по продажам,https://hh.ru/resume/f6b39dc100014cad970039ed1f785770707331
Менеджер по продажам,https://hh.ru/resume/b297ddf90005851dd40039ed1f66326e77617a
Менеджер по продажам,https://hh.ru/resume/da723fbe00009635440039ed1f736563726574
Менеджер по продажам,https://hh.ru/resume/7fa50e7c00072835b30039ed1f485059645038
Менеджер по продажам,https://hh.ru/resume/1c88a4e80008d06a740039ed1f4c576d4e5468
Менеджер по продажам,https://hh.ru/resume/a370777d00077a5ece0039ed1f637062733367
Менеджер по продажам,https://hh.ru/resume/e981f315000082eda40039ed1f736563726574
Менеджер по продажам,https://hh.ru/resume/e6717f7c000276aefb0039ed1f54513955326d
Менеджер по продажам,https://hh.ru/resume/890c9ac00000a578840039ed1f736563726574
Менеджер по продажам,https://hh.ru/resume/40ad0ad600008015650039ed1f736563726574
Менеджер по продажам,https://hh.ru/resume/23f3b8c10008e31add0039ed1f4e4679696334
Менеджер по продажам,https://hh.ru/resume/820ec78d00076a93b30039ed1f6f6d727a3731
Менеджер по продажам,https://hh.ru/resume/dae917500002c77a550039ed1f517278694166
Менеджер по продажам,https://hh.ru/resume/c001b87d00019f67ff0039ed1f42574e486b31
Менеджер по продажам,https://hh.ru/resume/46405f590003304b860039ed1f6436444f626c
Менеджер по продажам,https://hh.ru/resume/56f3fc8100026b11450039ed1f6b53734b5441
Менеджер по продажам,https://hh.ru/resume/4c75e3e1000070bf6d0039ed1f736563726574
Менеджер по продажам,https://hh.ru/resume/6faa750d00050961080039ed1f466e52766271
Менеджер по продажам,https://hh.ru/resume/751fd4290001b0ecee0039ed1f50546f615638
Менеджер по продажам,https://hh.ru/resume/124b5b0d0007b30a400039ed1f35794171414a
Менеджер по продажам,https://hh.ru/resume/0e0e1b3e0000ea412f0039ed1f5a584b46764f
Менеджер по продажам,https://hh.ru/resume/706db7e50001e73e430039ed1f424b706f6651
Менеджер по продажам,https://hh.ru/resume/fea4aa4f0006f47cad0039ed1f41386f4a6a46
Менеджер по продажам,https://hh.ru/resume/c07f32ce00023aa2b40039ed1f793664525566
Менеджер по продажам,https://hh.ru/resume/415c8a7a00025df0730039ed1f494376497750
Менеджер по продажам,https://hh.ru/resume/df9b00640005257b910039ed1f343354326f48
Менеджер по продажам,https://hh.ru/resume/5b15083c00019a56640039ed1f466169306373
Менеджер по продажам,https://hh.ru/resume/d5be742700006516280039ed1f736563726574
Менеджер по продажам,https://hh.ru/resume/5d5f5135000719608a0039ed1f426831717934
Менеджер по продажам,https://hh.ru/resume/5e88aaff00072cb1af0039ed1f34726462336e
Менеджер по продажам,https://hh.ru/resume/a0c3bfa20001c5f7130039ed1f5a3743374434
Менеджер по продажам,https://hh.ru/resume/349aad0b00044a83bd0039ed1f6977326b3944
Менеджер по продажам,https://hh.ru/resume/b35c87220000dc052d0039ed1f4b7955483762
Менеджер по продажам,https://hh.ru/resume/1f113e6500040684c60039ed1f647544716875
Менеджер по продажам,https://hh.ru/resume/98884bc70001bc56d00039ed1f334776654946
Менеджер по продажам,https://hh.ru/resume/0238b9c8000158b7260039ed1f515577423574
Менеджер по продажам,https://hh.ru/resume/f5180a9800025145330039ed1f30673253796f
Менеджер по продажам,https://hh.ru/resume/e0772c790004cbd0750039ed1f546a69527362
Менеджер по продажам,https://hh.ru/resume/4397bc540001ad3be60039ed1f554763336b55
Менеджер по продажам,https://hh.ru/resume/292a49a0000819f9840039ed1f546e69414553
Менеджер по продажам,https://hh.ru/resume/e2fcad1b000757ae610039ed1f333244576443
Менеджер по продажам,https://hh.ru/resume/f7cd24f2000436f0490039ed1f4b586b44526d
Менеджер по продажам,https://hh.ru/resume/7b1f7c4f0003fefee00039ed1f713363376368
Менеджер по продажам,https://hh.ru/resume/7db176e90002b9d52c0039ed1f38584e6e7079
Менеджер по продажам,https://hh.ru/resume/2e305fe2000140e45d0039ed1f474b63344739
Менеджер по продажам,https://hh.ru/resume/79193b09000322da2f0039ed1f704448735a59
Менеджер по продажам,https://hh.ru/resume/5a1597620001a48df80039ed1f585a61415876
Менеджер по продажам,https://hh.ru/resume/c4cbe5550004dfa2cb0039ed1f4a62684c4949
Менеджер по продажам,https://hh.ru/resume/b62386af00073eed120039ed1f47704b515875
Менеджер по продажам,https://hh.ru/resume/93b6a0a900052609d10039ed1f4d61356b6f6b
Менеджер по продажам,https://hh.ru/resume/843ee3a60001b44a680039ed1f45315a666a51
Менеджер по продажам,https://hh.ru/resume/ee888fd70002aae3760039ed1f72596d747a4f
Менеджер по продажам,https://hh.ru/resume/972585500002c077a60039ed1f326b77313336
Менеджер по продажам,https://hh.ru/resume/1e211aad000309c43d0039ed1f6f436b693578
Менеджер по продажам,https://hh.ru/resume/3044a3cd000732f6b90039ed1f363743383859
Менеджер по продажам,https://hh.ru/resume/fb31a2c80006f5c70c0039ed1f79596872596e
Менеджер по продажам,https://hh.ru/resume/648a13670002be61c80039ed1f5a316d414b47
Менеджер по продажам,https://hh.ru/resume/37cc6b4d0007dc89360039ed1f415a46655271
Менеджер по продажам,https://hh.ru/resume/f1f837ac00015f4b370039ed1f35624d627853
Менеджер по продажам,https://hh.ru/resume/ac837a0d0001e70dba0039ed1f38334e414147
Менеджер по продажам,https://hh.ru/resume/034ab563000020df610039ed1f736563726574
Менеджер по продажам,https://hh.ru/resume/9d2c42b0000352679d0039ed1f59784e494d69
Менеджер по продажам,https://hh.ru/resume/cca3fd490005af4fb20039ed1f453832503654
Менеджер по продажам,https://hh.ru/resume/abc919ab000534dc270039ed1f315342476931
Менеджер по продажам,https://hh.ru/resume/1863f8e100034069160039ed1f70484d433538
Менеджер по продажам,https://hh.ru/resume/1adbae5a0001521bfe0039ed1f513855794d5a
Менеджер по продажам,https://hh.ru/resume/34ecc70b00003cf4c00039ed1f736563726574
Менеджер по продажам,https://hh.ru/resume/470c549600050bca700039ed1f733231446874
Менеджер по продажам,https://hh.ru/resume/d3dee9080003c7fcf40039ed1f654c65493555
Менеджер по продажам,https://hh.ru/resume/0d57ffaa0001a7b9ae0039ed1f517037616961
Менеджер по продажам,https://hh.ru/resume/15c0b0620004f9691f0039ed1f4f4f6f6a5539
Менеджер по продажам,https://hh.ru/resume/567c12d8000290e7c70039ed1f54317764524a
Менеджер по продажам,https://hh.ru/resume/06b0e60000071b40440039ed1f4d5168434666
Менеджер по продажам,https://hh.ru/resume/e6ed3cfd000034aff20039ed1f736563726574
Менеджер по продажам,https://hh.ru/resume/e6e5ec950000a83cdf0039ed1f736563726574
Менеджер по продажам,https://hh.ru/resume/21cd55930001ecc8710039ed1f5a3971313663
Менеджер по продажам,https://hh.ru/resume/4fb7e6e700057894840039ed1f37784d533671
Менеджер по продажам,https://hh.ru/resume/88d93ca60002be47af0039ed1f6f493774484e
Менеджер по продажам,https://hh.ru/resume/d1f5421b0001b902a30039ed1f48417a434743
Менеджер по продажам,https://hh.ru/resume/12684ecd00011f06790039ed1f304a5a6b756a
Менеджер по продажам,https://hh.ru/resume/33b8c06f00063432510039ed1f4c48786a6e61
Менеджер по продажам,https://hh.ru/resume/11bd06f2000457d87d0039ed1f555743415369
Менеджер по продажам,https://hh.ru/resume/9ca8eda90007af62010039ed1f74585a795743
Менеджер по продажам,https://hh.ru/resume/33c9554c00014945e00039ed1f625343584b41
Менеджер по продажам,https://hh.ru/resume/935e882c000028cdf60039ed1f736563726574
Менеджер по продажам,https://hh.ru/resume/3b41188b0005c1df000039ed1f436d6e664962
Менеджер по продажам,https://hh.ru/resume/32b200810000233b730039ed1f736563726574
Менеджер по продажам,https://hh.ru/resume/a5ea34740001b92e6f0039ed1f714652596976
Менеджер по продажам,https://hh.ru/resume/194b128600021bf5fe0039ed1f593261756851
Менеджер по продажам,https://hh.ru/resume/e2da4fa700028b2f2f0039ed1f616b4355427a
Менеджер по продажам,https://hh.ru/resume/57a4913700004168500039ed1f736563726574
Менеджер по продажам,https://hh.ru/resume/2cdd550e00064dabc30039ed1f34717638436b
Менеджер по продажам,https://hh.ru/resume/e455740e0002fe9c2f0039ed1f666561466759
Менеджер по продажам,https://hh.ru/resume/961c34010002cf74520039ed1f65454f5a556e
Менеджер по продажам,https://hh.ru/resume/678476de000223757f0039ed1f507636743550
Менеджер по продажам,https://hh.ru/resume/88fc87db0000f3268a0039ed1f526a66387141
Менеджер по продажам,https://hh.ru/resume/cb7f0d4f0002bc815c0039ed1f497235715669
Менеджер по продажам,https://hh.ru/resume/8c7d102400032437f80039ed1f7039476c6878
Менеджер по продажам,https://hh.ru/resume/6b9a51b80005b0999a0039ed1f6c793557524d
Менеджер по продажам,https://hh.ru/resume/72e1db5b000141763d0039ed1f6275484b7a4c
Менеджер по продажам,https://hh.ru/resume/e51670ec000653c4df0039ed1f54537555436f
Менеджер по продажам,https://hh.ru/resume/371d0e5c0003a23d310039ed1f4c796a733666
Менеджер по продажам,https://hh.ru/resume/d0dba989000280b0070039ed1f635a775a6a31
Менеджер по продажам,https://hh.ru/resume/3b7952fe00021794c80039ed1f614d34484154
Менеджер по продажам,https://hh.ru/resume/3147b438000442fd2d0039ed1f376237465774
Менеджер по продажам,https://hh.ru/resume/e9ae349b00023b63d50039ed1f6a457569546e
Менеджер по продажам,https://hh.ru/resume/37deeb960002d690bc0039ed1f72706e414572
Менеджер по продажам,https://hh.ru/resume/65dbb9d20001a07e090039ed1f457168355570
Менеджер по продажам,https://hh.ru/resume/a462c365000269ece60039ed1f6b4b7164786e
Менеджер по продажам,https://hh.ru/resume/f119b1a40002a5933c0039ed1f416d45657670
Менеджер по продажам,https://hh.ru/resume/b0116dce00021e93a10039ed1f474466344a4c
Менеджер по продажам,https://hh.ru/resume/b040b6b60002fee5fd0039ed1f595855336b43
Менеджер по продажам,https://hh.ru/resume/3894ecc90004a3c8e20039ed1f367a42336c79
Менеджер по продажам,https://hh.ru/resume/7f484028000878d11c0039ed1f363557377941
Менеджер по продажам,https://hh.ru/resume/4ba8c629000094b1950039ed1f736563726574
Менеджер по продажам,https://hh.ru/resume/8482563800000626930039ed1f736563726574
Менеджер по продажам,https://hh.ru/resume/33b8178a0001562c810039ed1f323577764171
Менеджер по продажам,https://hh.ru/resume/d5dcd17f0005750f790039ed1f4249596e624f
Менеджер по продажам,https://hh.ru/resume/68d8aac6000003dc510039ed1f736563726574
Менеджер по продажам,https://hh.ru/resume/eaf2762b00026842ee0039ed1f5751754f6359
Менеджер по продажам,https://hh.ru/resume/131079c20004f369270039ed1f374733765133
Менеджер по продажам,https://hh.ru/resume/62d6d7f300084b7d360039ed1f674735483244
Менеджер по продажам,https://hh.ru/resume/dcba206d000011738b0039ed1f736563726574
Менеджер по продажам,https://hh.ru/resume/e2b83a430002b17c0d0039ed1f6e4a324b3053
Менеджер по продажам,https://hh.ru/resume/2f3e86510001acd9280039ed1f393139566531
Менеджер по продажам,https://hh.ru/resume/a6b78c6200035016b20039ed1f45674e4f384a
Менеджер по продажам,https://hh.ru/resume/d96d8fee0000694e4a0039ed1f736563726574
Менеджер по продажам,https://hh.ru/resume/b02f768500009b28c30039ed1f736563726574
Менеджер по продажам,https://hh.ru/resume/073b4a20000591d6c90039ed1f726d384f7176
Менеджер по продажам,https://hh.ru/resume/452b0bb800027cebfd0039ed1f584d4f463847
Менеджер по продажам,https://hh.ru/resume/271ef8080001c56ee10039ed1f5a484f625259
Менеджер по продажам,https://hh.ru/resume/e092e2e30000054d110039ed1f736563726574
Менеджер по продажам,https://hh.ru/resume/11aa1f5c0007735aae0039ed1f545535387757
Менеджер по продажам,https://hh.ru/resume/94f9059b0002e3fcbe0039ed1f365152366b49
Менеджер по продажам,https://hh.ru/resume/fceefc4c0000ca958a0039ed1f4d6b44314948
Менеджер по продажам,https://hh.ru/resume/ec89c0fa0002ecde300039ed1f4c5245424b6d
Менеджер по продажам,https://hh.ru/resume/3c8efedb0005b3b9720039ed1f416f67584a69
Менеджер по продажам,https://hh.ru/resume/e2b8984f0002d603d70039ed1f63674c744144
Менеджер по продажам,https://hh.ru/resume/0970ed5c0003a85c280039ed1f415235347a36
Менеджер по продажам,https://hh.ru/resume/f3f57f360002da70240039ed1f48576a496f77
Менеджер по продажам,https://hh.ru/resume/658de77000021e460d0039ed1f686468504d6c
Менеджер по продажам,https://hh.ru/resume/f4dc774f0004e21abf0039ed1f467150695558
Менеджер по продажам,https://hh.ru/resume/ec25e2bc0001bceb140039ed1f564d67774343
Менеджер по продажам,https://hh.ru/resume/eb8d5fb100076e52960039ed1f4477516e5745
Менеджер по продажам,https://hh.ru/resume/1e4cd1590008837e320039ed1f424878787155
Менеджер по продажам,https://hh.ru/resume/c67a0da90002bf34100039ed1f597243637a56
Менеджер по продажам,https://hh.ru/resume/1a9bc0de0001a803380039ed1f454a79415142
Менеджер по продажам,https://hh.ru/resume/bead4cee0001c4b6330039ed1f6d7561664535
Менеджер по продажам,https://hh.ru/resume/77d2a11600074b41e50039ed1f583048763648
Менеджер по продажам,https://hh.ru/resume/b1c7d4330002416ddb0039ed1f684b33774e7a
Менеджер по продажам,https://hh.ru/resume/c1c756280000da46570039ed1f77474352495a
Менеджер по продажам,https://hh.ru/resume/c10a894b00008f603c0039ed1f736563726574
Менеджер по продажам,https://hh.ru/resume/61acf0890001d7c8620039ed1f454444493353
Менеджер по продажам,https://hh.ru/resume/f14d0694000396fd120039ed1f765a49666752
Менеджер по продажам,https://hh.ru/resume/023c6e2d00071c5e1e0039ed1f58306f6d5472
Менеджер по продажам,https://hh.ru/resume/9b588ab900034591c60039ed1f374d62627675
Менеджер по продажам,https://hh.ru/resume/c48112e50000008c1b0039ed1f736563726574
Менеджер по продажам,https://hh.ru/resume/d08746c30004e7aa180039ed1f34704c644b37
Менеджер по продажам,https://hh.ru/resume/d3ddd63800030b16d40039ed1f765871524556
Менеджер по продажам,https://hh.ru/resume/1bbbef630002753ad80039ed1f515732543361
Менеджер по продажам,https://hh.ru/resume/adc34bdb0007962ee70039ed1f484362354e68
Менеджер по продажам,https://hh.ru/resume/903b6ccf000328a5350039ed1f727376475852
Менеджер по продажам,https://hh.ru/resume/20b0c9f70001c6586e0039ed1f3843774b366c
Менеджер по продажам,https://hh.ru/resume/a497215a000920e3150039ed1f3441714b5364
Менеджер по продажам,https://hh.ru/resume/85e5dc6c0004ef39fc0039ed1f48574a553978
Менеджер по продажам,https://hh.ru/resume/3723895b0001304cf20039ed1f73336a6a4930
Менеджер по продажам,https://hh.ru/resume/e7829ab900036ed9b50039ed1f336276697a45
Менеджер по продажам,https://hh.ru/resume/a12583da000536e6030039ed1f726362533972
Менеджер по продажам,https://hh.ru/resume/24d2ba610003a3d4f50039ed1f6a7047565a55
Менеджер по продажам,https://hh.ru/resume/a3ece70d00077a57190039ed1f477069674659
Менеджер по продажам,https://hh.ru/resume/0a91d5050002f44cb10039ed1f6243494d7753
Менеджер по продажам,https://hh.ru/resume/8aa9fde4000067bd8a0039ed1f736563726574
Менеджер по продажам,https://hh.ru/resume/8d19520e00039d78e90039ed1f4c5845785832
Менеджер по продажам,https://hh.ru/resume/ca0031df00021df9690039ed1f334a78364b76
Менеджер по продажам,https://hh.ru/resume/c9410a6c000893058a0039ed1f4f554d545851
Менеджер по продажам,https://hh.ru/resume/453f1982000084b1660039ed1f736563726574
Менеджер по продажам,https://hh.ru/resume/9421299c000444c1ed0039ed1f627643786b6c
Менеджер по продажам,https://hh.ru/resume/98b8b9d3000164915a0039ed1f636a69503455
Менеджер по продажам,https://hh.ru/resume/c67313a800052174780039ed1f4f704d454d7a
Менеджер по продажам,https://hh.ru/resume/465dbecc0006698add0039ed1f356246624e56
Менеджер по продажам,https://hh.ru/resume/7918ad4d00090a848f0039ed1f336753636168
Менеджер по продажам,https://hh.ru/resume/5ddf8b7c0003b081180039ed1f39385a4d666a
Менеджер по продажам,https://hh.ru/resume/4777634b00014793d40039ed1f576b63733778
Менеджер по продажам,https://hh.ru/resume/7cfad69a0007757db60039ed1f6f774d417850
Менеджер по продажам,https://hh.ru/resume/73b894f70000ae9fdc0039ed1f736563726574
Менеджер по продажам,https://hh.ru/resume/ad1d1258000189adaf0039ed1f656e62665978
Менеджер по продажам,https://hh.ru/resume/f47685900000af4e490039ed1f736563726574
Менеджер по продажам,https://hh.ru/resume/924677fc0002a199ae0039ed1f6d566d4e5a6b
Менеджер по продажам,https://hh.ru/resume/af8c0fc100064395bf0039ed1f556450726979
Менеджер по продажам,https://hh.ru/resume/ab69f3f5000277f6460039ed1f705945394942
Менеджер по продажам,https://hh.ru/resume/64d6ffa6000398fa5c0039ed1f596848545754
Менеджер по продажам,https://hh.ru/resume/77e1641d00030bb8470039ed1f53517051796d
Менеджер по продажам,https://hh.ru/resume/4d9d71220000ca0d320039ed1f6b51674a4e33
Менеджер по продажам,https://hh.ru/resume/d63794500005cf0ebc0039ed1f75766455414d
Менеджер по продажам,https://hh.ru/resume/7dec19b1000740c6de0039ed1f354334797a4f
Менеджер по продажам,https://hh.ru/resume/6511cfb100079e71190039ed1f503255535362
Менеджер по продажам,https://hh.ru/resume/ee609dbc0008b8b9f70039ed1f575779597057
Менеджер по продажам,https://hh.ru/resume/1a9861670001a6c4a90039ed1f707a426c5043
Менеджер по продажам,https://hh.ru/resume/bf3609dc0001523b210039ed1f4f7533767577
Менеджер по продажам,https://hh.ru/resume/0ce8e987000334aa820039ed1f697276597072
Менеджер по продажам,https://hh.ru/resume/ab73a9ae0001a919480039ed1f7342304f5a6f
Менеджер по продажам,https://hh.ru/resume/cbb4998e00061c99440039ed1f71474a414c42
Менеджер по продажам,https://hh.ru/resume/96745ac7000757c0e00039ed1f716376416256
Менеджер по продажам,https://hh.ru/resume/c4aba1c60007dbc3bb0039ed1f57436c4a356c
Менеджер по продажам,https://hh.ru/resume/6d9fa7330007a990720039ed1f347141356e35
Менеджер по продажам,https://hh.ru/resume/4202e60e0002672aff0039ed1f486d31324f35
Менеджер по продажам,https://hh.ru/resume/90b4fe18000249ad3d0039ed1f647752705666
Менеджер по продажам,https://hh.ru/resume/42a66e040003958f210039ed1f745036584e72
Менеджер по продажам,https://hh.ru/resume/c97c130d0007a192c70039ed1f6439654e6f71
Менеджер по продажам,https://hh.ru/resume/16342de200031b81ce0039ed1f384b4357614e
Менеджер по продажам,https://hh.ru/resume/9e4228260008adef500039ed1f42635a675776
Менеджер по продажам,https://hh.ru/resume/69c1e4a60007d03da50039ed1f306d3352566d
Менеджер по продажам,https://hh.ru/resume/107a2cab000032257c0039ed1f736563726574
Менеджер по продажам,https://hh.ru/resume/7132ea85000424d8d90039ed1f73394e72314d
Менеджер по продажам,https://hh.ru/resume/7b4185b60003a9c5180039ed1f5a3155613657
Менеджер по продажам,https://hh.ru/resume/6acd74ba0003e7d8900039ed1f775764723139
Менеджер по продажам,https://hh.ru/resume/86154d1200025a28930039ed1f5a325a46584c
Менеджер по продажам,https://hh.ru/resume/80ef3494000036486f0039ed1f736563726574
Менеджер по продажам,https://hh.ru/resume/b04541530002ed63110039ed1f58504d796b63
Дизайнер,https://hh.ru/resume/cb82fb3e000932014b0039ed1f5639416e3570
Дизайнер,https://hh.ru/resume/69b2e08800003140410039ed1f736563726574
Дизайнер,https://hh.ru/resume/0fcc74d30004e8c60c0039ed1f4b5965467136
Дизайнер,https://hh.ru/resume/5ee78379000008fc650039ed1f736563726574
Дизайнер,https://hh.ru/resume/dc5a367a0002d555e40039ed1f42586c6a6437
Дизайнер,https://hh.ru/resume/8a40f687000221b4d00039ed1f41426265717a
Дизайнер,https://hh.ru/resume/52d17662000364e9250039ed1f745235775939
Дизайнер,https://hh.ru/resume/d19cf04300058d64430039ed1f515670473276
Дизайнер,https://hh.ru/resume/42bf05030005939d8c0039ed1f6c61494b7935
Дизайнер,https://hh.ru/resume/b56ba9490007765c4a0039ed1f726447333261
Дизайнер,https://hh.ru/resume/10771be20007f6161d0039ed1f396e50327838
Дизайнер,https://hh.ru/resume/b6fb94220007e147fa0039ed1f4f396b775479
Дизайнер,https://hh.ru/resume/08de80bf000319f39a0039ed1f4d4c576a4346
Дизайнер,https://hh.ru/resume/fb45177c0000b7b6c70039ed1f736563726574
Дизайнер,https://hh.ru/resume/3e725eea000081cb190039ed1f736563726574
Дизайнер,https://hh.ru/resume/678e92f300013fe2ee0039ed1f783644356162
Дизайнер,https://hh.ru/resume/bf6d49c70001379a830039ed1f567858707257
Дизайнер,https://hh.ru/resume/e3138b5d00004ba7100039ed1f736563726574
Дизайнер,https://hh.ru/resume/6dd6a3110003cdc4d90039ed1f554277643634
Дизайнер,https://hh.ru/resume/e163dd6400087f3ba30039ed1f7456664b306b
Дизайнер,https://hh.ru/resume/7e06c2200003f022cc0039ed1f726b55413834
Дизайнер,https://hh.ru/resume/e81cd8a30006bd7c740039ed1f6e4c494c6e76
Дизайнер,https://hh.ru/resume/57562e19000398be580039ed1f6a5272703549
Дизайнер,https://hh.ru/resume/48d590060001c376b00039ed1f547a32635844
Дизайнер,https://hh.ru/resume/d514c54d0000c8ee700039ed1f5079714b4b54
Дизайнер,https://hh.ru/resume/9bc349510000fe42740039ed1f647a73493766
Дизайнер,https://hh.ru/resume/c2b8748c00083e639b0039ed1f756e6a505144
Дизайнер,https://hh.ru/resume/a87974b90007ad8f160039ed1f763654584e68
Дизайнер,https://hh.ru/resume/27cbaf2d00017b92200039ed1f774a48737778
Дизайнер,https://hh.ru/resume/1d7aef0900011072520039ed1f436f716b6b62
Дизайнер,https://hh.ru/resume/7364c25900045bd29a0039ed1f63554a7a654b
Дизайнер,https://hh.ru/resume/75cb41300008d883f00039ed1f596b57573633
Дизайнер,https://hh.ru/resume/42d65f1500024198830039ed1f584777614a39
Дизайнер,https://hh.ru/resume/4dcefddb00076d86130039ed1f42707674704e
Дизайнер,https://hh.ru/resume/b240cf71000344b43e0039ed1f4355526d7465
Дизайнер,https://hh.ru/resume/8b5ec73c0008b4900c0039ed1f67557330625a
Дизайнер,https://hh.ru/resume/ac4e01570000e157210039ed1f5547324f4a6e
Дизайнер,https://hh.ru/resume/5e6f0b3d000006fff80039ed1f736563726574
Дизайнер,https://hh.ru/resume/064d480900079151220039ed1f774c5a593468
Дизайнер,https://hh.ru/resume/78b8e6950005c0752d0039ed1f496542787a30
Дизайнер,https://hh.ru/resume/42e19b7900012d09c30039ed1f625473597850
Дизайнер,https://hh.ru/resume/3b6142fd0000d8d8d80039ed1f455939764863
Дизайнер,https://hh.ru/resume/7b9b941c0007bd85d20039ed1f4176654a4f5a
Дизайнер,https://hh.ru/resume/963a708400034b8dbd0039ed1f4c7974615845
Дизайнер,https://hh.ru/resume/6291e5890001900c390039ed1f344d6b514f4d
Дизайнер,https://hh.ru/resume/9db0c1790007d154cb0039ed1f48774b774f49
Дизайнер,https://hh.ru/resume/0b40f4e8000539771b0039ed1f5261414c4162
Дизайнер,https://hh.ru/resume/b3430adb0004e0dbcd0039ed1f43304643326b
Дизайнер,https://hh.ru/resume/45b44a59000304c67f0039ed1f4c6f6d7a336c
Дизайнер,https://hh.ru/resume/668edaa300025758db0039ed1f4c73526d307a
Дизайнер,https://hh.ru/resume/f49899280001bd9a480039ed1f695453443671
Дизайнер,https://hh.ru/resume/27ceca3e0000d3c9ad0039ed1f476465796a6d
Дизайнер,https://hh.ru/resume/4f547b350004555ca50039ed1f4e4c70645a47
Дизайнер,https://hh.ru/resume/f0d640450007088b6e0039ed1f515477664b4c
Дизайнер,https://hh.ru/resume/6d52a67a0002d5a5f10039ed1f624a586c446e
Дизайнер,https://hh.ru/resume/9b5e6c9d0006e2eac30039ed1f7a694e304c45
Дизайнер,https://hh.ru/resume/9b31fbc00001e4f14c0039ed1f495351735a64
Дизайнер,https://hh.ru/resume/a87456b3000318e4260039ed1f49677665434e
Дизайнер,https://hh.ru/resume/23a97d3a0001091c6a0039ed1f68774a534e4a
Дизайнер,https://hh.ru/resume/5036ee3100043e52120039ed1f6d666f514f4f
Дизайнер,https://hh.ru/resume/c41bdb7800031120da0039ed1f32776a546166
Дизайнер,https://hh.ru/resume/c16f1b2d00015f67200039ed1f784a37355957
Дизайнер,https://hh.ru/resume/cd62798c00033a9d280039ed1f393575754d4e
Дизайнер,https://hh.ru/resume/4000ade90002dd347a0039ed1f663566797464
Дизайнер,https://hh.ru/resume/65ab52f90008b795a70039ed1f4a3265714730
Дизайнер,https://hh.ru/resume/bf21df2e000254e86d0039ed1f70334734724d
Дизайнер,https://hh.ru/resume/0cb0ac610001b63a970039ed1f714f52416873
Дизайнер,https://hh.ru/resume/67e9e4a90000a7174e0039ed1f736563726574
Дизайнер,https://hh.ru/resume/aed925960000f05afb0039ed1f755864693761
Дизайнер,https://hh.ru/resume/556f0b3a0007fa3a3f0039ed1f595149545531
Дизайнер,https://hh.ru/resume/0d1e287a0001c3edb50039ed1f7a686b61466c
Дизайнер,https://hh.ru/resume/295691690000ea40b10039ed1f546d43646555
Дизайнер,https://hh.ru/resume/b2ef62b800032fb2420039ed1f483231553069
Дизайнер,https://hh.ru/resume/f6e084bb00014d77b30039ed1f367474394561
Дизайнер,https://hh.ru/resume/ab1d576600000d22850039ed1f736563726574
Дизайнер,https://hh.ru/resume/f77287990003e6c1be0039ed1f50374743794c
Дизайнер,https://hh.ru/resume/dcc229b90001ef729e0039ed1f65534e484856
Дизайнер,https://hh.ru/resume/8ca4c97f00007a15920039ed1f736563726574
Дизайнер,https://hh.ru/resume/a1b4516500040302350039ed1f467670773344
Дизайнер,https://hh.ru/resume/a723f358000075b6930039ed1f736563726574
Дизайнер,https://hh.ru/resume/fdccdbe000041b18420039ed1f75674d707171
Дизайнер,https://hh.ru/resume/0dbdf38b0002f257080039ed1f6c704e416e35
Дизайнер,https://hh.ru/resume/e3684758000319e9720039ed1f557543367535
Дизайнер,https://hh.ru/resume/255e6f9200006e45540039ed1f736563726574
Дизайнер,https://hh.ru/resume/b946cb330006b6d9d90039ed1f386150594646
Дизайнер,https://hh.ru/resume/e02ad41e00021a5b0a0039ed1f4e3876625a65
Дизайнер,https://hh.ru/resume/6dc099eb000328a9110039ed1f674635486365
Дизайнер,https://hh.ru/resume/29902b780004f5d42c0039ed1f6f7233574176
Дизайнер,https://hh.ru/resume/59e61f460002ffc0500039ed1f4f59736a3648
Дизайнер,https://hh.ru/resume/1bba8c3800086e04c90039ed1f4a6852356a66
Дизайнер,https://hh.ru/resume/b957c6b50002a637800039ed1f697878726a6d
Дизайнер,https://hh.ru/resume/0f690a0e00058f817c0039ed1f676d45424949
Дизайнер,https://hh.ru/resume/1076bddf00014530400039ed1f485377794e6c
Дизайнер,https://hh.ru/resume/5652308b0002e0e2c90039ed1f38724c6c4851
Дизайнер,https://hh.ru/resume/956622a5000447e7a90039ed1f6c46366e3452
Дизайнер,https://hh.ru/resume/5601bb200003a6d9d50039ed1f6c7671785237
Дизайнер,https://hh.ru/resume/045ad46b0004eb2aea0039ed1f6d7130525a49
Дизайнер,https://hh.ru/resume/68a83c200003d5df7a0039ed1f476f4d463432
Дизайнер,https://hh.ru/resume/f827615d0003a2bd080039ed1f42356c577868
Дизайнер,https://hh.ru/resume/5546313a000831c5cb0039ed1f6c646c4c686e
Дизайнер,https://hh.ru/resume/5f5036a60001b563890039ed1f457258387343
Дизайнер,https://hh.ru/resume/094e8edc0001b2bcf90039ed1f4a64364d4835
Дизайнер,https://hh.ru/resume/39c98f0d000737a1a10039ed1f565843647950
Дизайнер,https://hh.ru/resume/71fe8e1600035380f60039ed1f615646667672
Дизайнер,https://hh.ru/resume/7f33e4830003d833e70039ed1f346d6e6f3638
Дизайнер,https://hh.ru/resume/82fa7e4b0002f04a740039ed1f5a3378584652
Дизайнер,https://hh.ru/resume/6ed422bd0000a01f190039ed1f736563726574
Дизайнер,https://hh.ru/resume/4e1a88fb0000d49e960039ed1f4e464871476f
Дизайнер,https://hh.ru/resume/d8b496b800052c1da50039ed1f546a68593534
Дизайнер,https://hh.ru/resume/63b6edeb0004f97c450039ed1f416162753778
Дизайнер,https://hh.ru/resume/549503ef0004346a490039ed1f725563394e77
Дизайнер,https://hh.ru/resume/6b36f91d0000871ff40039ed1f736563726574
Дизайнер,https://hh.ru/resume/cb57e2d30003453f7a0039ed1f356c72676370
Дизайнер,https://hh.ru/resume/802204b600042d3b830039ed1f5a6e6c696574
Дизайнер,https://hh.ru/resume/a38b48320003bcf0240039ed1f35594c487844
Дизайнер,https://hh.ru/resume/9357afc800003335f50039ed1f736563726574
Дизайнер,https://hh.ru/resume/0d1f0f640000d655fd0039ed1f4c67554d6f5a
Дизайнер,https://hh.ru/resume/67e5efbf00050817450039ed1f583751347444
Дизайнер,https://hh.ru/resume/c5ff3a140000abeafa0039ed1f736563726574
Дизайнер,https://hh.ru/resume/f83b7f5500082362650039ed1f796c386d3569
Дизайнер,https://hh.ru/resume/c9a078b10002f9e0b60039ed1f6a50346c574c
Дизайнер,https://hh.ru/resume/bb3f90e5000539dd140039ed1f646c744c546d
Дизайнер,https://hh.ru/resume/5cae9d310001a5d1860039ed1f34765358494f
Дизайнер,https://hh.ru/resume/90f98892000041bf3c0039ed1f736563726574
Дизайнер,https://hh.ru/resume/631b113000036919e10039ed1f52645a4c4c73
Дизайнер,https://hh.ru/resume/4df28fc600019dc3570039ed1f4d744a385936
Дизайнер,https://hh.ru/resume/e6d810b900041489420039ed1f534e5274454e
Дизайнер,https://hh.ru/resume/55d68d3e0002dbafc80039ed1f64677a386369
Дизайнер,https://hh.ru/resume/64217ded0000f5ab670039ed1f73784c30646a
Дизайнер,https://hh.ru/resume/4c2c85ea000286a6340039ed1f7378556a5143
Дизайнер,https://hh.ru/resume/02c6ec1f0005e9571c0039ed1f53444f443575
Дизайнер,https://hh.ru/resume/53bac74e00035439880039ed1f464f59327641
Дизайнер,https://hh.ru/resume/98dc7ba400006e17520039ed1f736563726574
Дизайнер,https://hh.ru/resume/75f5f6890005138c1c0039ed1f683073416b47
Дизайнер,https://hh.ru/resume/5c6e83870000cbf21e0039ed1f5a3178555275
Дизайнер,https://hh.ru/resume/dbbc0d9d00006b9a050039ed1f736563726574
Дизайнер,https://hh.ru/resume/73d052d50002b6cdcf0039ed1f447868313351
Дизайнер,https://hh.ru/resume/552ae9050001f2799b0039ed1f5333506f6550
Дизайнер,https://hh.ru/resume/c3eca02400027469400039ed1f37564f547974
Дизайнер,https://hh.ru/resume/2901df0b00032326140039ed1f4d674f474b32
Дизайнер,https://hh.ru/resume/25ec64d600063420dc0039ed1f56655a534d43
Дизайнер,https://hh.ru/resume/0d6c88130008ec5fec0039ed1f547a32356a45
Дизайнер,https://hh.ru/resume/010cc7ca0005c26d970039ed1f6148614e3472
Дизайнер,https://hh.ru/resume/e338fbe1000138877c0039ed1f514c4a65344b
Дизайнер,https://hh.ru/resume/633810040003942c650039ed1f4d4956456d52
Дизайнер,https://hh.ru/resume/3c8e292300092603480039ed1f4c3938637567
Дизайнер,https://hh.ru/resume/47e89e7a0001ae9e2a0039ed1f4c6263423942
Дизайнер,https://hh.ru/resume/5a463d930004b4027a0039ed1f6273534a7170
Дизайнер,https://hh.ru/resume/b3dc9e080000e01d250039ed1f565958336746
Дизайнер,https://hh.ru/resume/6b38bd8400060158ff0039ed1f336576585545
Дизайнер,https://hh.ru/resume/e50f54ac0007544e0c0039ed1f375a36375975
Дизайнер,https://hh.ru/resume/5e8ed7dd00039c15610039ed1f6e4d57786454
Дизайнер,https://hh.ru/resume/e166d26200020a5d480039ed1f356268424d65
Дизайнер,https://hh.ru/resume/067c07510003e8af810039ed1f6d4167796739
Дизайнер,https://hh.ru/resume/cff66a1c000351782c0039ed1f514e726e3566
Дизайнер,https://hh.ru/resume/ec41a16d0005915e110039ed1f4e4471767557
Дизайнер,https://hh.ru/resume/24fcc4e20004db51810039ed1f537475676a68
Дизайнер,https://hh.ru/resume/ef84ac3b00025471b20039ed1f534479496938
Дизайнер,https://hh.ru/resume/10e1618800006d33620039ed1f736563726574
Дизайнер,https://hh.ru/resume/98a80def0004345e640039ed1f504570336d54
Дизайнер,https://hh.ru/resume/d3aa20c3000826f24d0039ed1f566169734e32
Дизайнер,https://hh.ru/resume/148f87880008ec6fba0039ed1f64464759334b
Дизайнер,https://hh.ru/resume/8e453e470001c54f710039ed1f486270496749
Дизайнер,https://hh.ru/resume/0ab38c0900027b77200039ed1f314172317972
Дизайнер,https://hh.ru/resume/8435f39600022b63060039ed1f6a6a3563707a
Дизайнер,https://hh.ru/resume/7cc83cc9000063db180039ed1f736563726574
Дизайнер,https://hh.ru/resume/051fc9150001c6862c0039ed1f4831517a5379
Дизайнер,https://hh.ru/resume/277e54fa000143eb880039ed1f664e5750556c
Дизайнер,https://hh.ru/resume/ed07ee410000b8f8c00039ed1f736563726574
Дизайнер,https://hh.ru/resume/ce2066570002257e060039ed1f475367767270
Дизайнер,https://hh.ru/resume/c6e2355b0008c208b00039ed1f6a7768476a39
Дизайнер,https://hh.ru/resume/a3be34ae000294fa870039ed1f755355587841
Дизайнер,https://hh.ru/resume/ea9c2e1b0002fcd16e0039ed1f513552734675
Дизайнер,https://hh.ru/resume/31e5527e0003101c7e0039ed1f61503249784f
Дизайнер,https://hh.ru/resume/2a86873e000786fff80039ed1f366644627554
Дизайнер,https://hh.ru/resume/9cc9285d00000190c90039ed1f736563726574
Дизайнер,https://hh.ru/resume/fbda975f0002b9bba50039ed1f476554536773
Дизайнер,https://hh.ru/resume/33a05f2d0000bfd5bf0039ed1f574569343179
Дизайнер,https://hh.ru/resume/4da6cefd00026deb9b0039ed1f43376e6b5438
Дизайнер,https://hh.ru/resume/0e0b09010002ce059e0039ed1f313674386a44
Дизайнер,https://hh.ru/resume/6f6fc1660002d8c0f90039ed1f766968686b68
Дизайнер,https://hh.ru/resume/6105c5df00002321ab0039ed1f736563726574
Дизайнер,https://hh.ru/resume/d8188ab50002b1c32f0039ed1f7652446c7a52
Дизайнер,https://hh.ru/resume/8165022a00046ad88a0039ed1f32416a723235
Дизайнер,https://hh.ru/resume/d22fd30f00042d8f9d0039ed1f6f5a7a526c76
Дизайнер,https://hh.ru/resume/2612c550000758c37b0039ed1f5a616868544d
Дизайнер,https://hh.ru/resume/61b4b3a60007b80de80039ed1f415250786233
Дизайнер,https://hh.ru/resume/9036b93100059880bf0039ed1f674f4a664765
Дизайнер,https://hh.ru/resume/65ed0737000013f3560039ed1f736563726574
Дизайнер,https://hh.ru/resume/9a9808400003fefc340039ed1f515333763962
Дизайнер,https://hh.ru/resume/2a0c4e770003b44ec00039ed1f333464416e62
Дизайнер,https://hh.ru/resume/e720026c00001a43c30039ed1f736563726574
Дизайнер,https://hh.ru/resume/06e4fff60003041b920039ed1f6a324b59544c
Дизайнер,https://hh.ru/resume/9e04d67e0003f99f5e0039ed1f6f316b67617a
Дизайнер,https://hh.ru/resume/a34c38040004a7742a0039ed1f3843586b7656
Дизайнер,https://hh.ru/resume/6dc3ac2d0008756ed50039ed1f52746e413767
Дизайнер,https://hh.ru/resume/b3c29cfe00013228e60039ed1f35454d6c7152
Дизайнер,https://hh.ru/resume/0973a593000332aa350039ed1f524c4769556a
Дизайнер,https://hh.ru/resume/77595c8600000e51f60039ed1f736563726574
Дизайнер,https://hh.ru/resume/f6b151e000032189960039ed1f4d7641315441
Дизайнер,https://hh.ru/resume/5b98cfa400081522a20039ed1f42696a6a4f54
Дизайнер,https://hh.ru/resume/e9c595d200041d95770039ed1f453576676d58
Дизайнер,https://hh.ru/resume/5165393a0001952de50039ed1f74717048736b
Дизайнер,https://hh.ru/resume/b413552a00001fe85f0039ed1f736563726574
Дизайнер,https://hh.ru/resume/2768c5c500002b1d5f0039ed1f736563726574
Дизайнер,https://hh.ru/resume/c6b4c08c00002ee07b0039ed1f736563726574
Дизайнер,https://hh.ru/resume/3665b8f500027620cd0039ed1f6c30706e656d
Дизайнер,https://hh.ru/resume/9c0fb2870003d3ae2f0039ed1f396e5a6a796c
Дизайнер,https://hh.ru/resume/1b658fa5000287540c0039ed1f667073543351
Дизайнер,https://hh.ru/resume/9a5b8114000329ac3e0039ed1f46687a434877
Дизайнер,https://hh.ru/resume/534c859f00039385da0039ed1f626d4c674c74
Дизайнер,https://hh.ru/resume/da1c586c0000667a390039ed1f736563726574
Дизайнер,https://hh.ru/resume/d09d97700001b80d3e0039ed1f7a7132756557
Дизайнер,https://hh.ru/resume/7a716b4b000758a6ab0039ed1f577858796139
Дизайнер,https://hh.ru/resume/0f21324d00060097780039ed1f515143345872
Дизайнер,https://hh.ru/resume/26704f2e0001df5e160039ed1f6a434d525066
Дизайнер,https://hh.ru/resume/068e544100007a42460039ed1f736563726574
Дизайнер,https://hh.ru/resume/f5d873380008a4f0dd0039ed1f68564b666c42
Дизайнер,https://hh.ru/resume/21b922210004d9c3f90039ed1f633767457949
Дизайнер,https://hh.ru/resume/dcd6f136000778212b0039ed1f6c6470424562
Дизайнер,https://hh.ru/resume/6b1a92c400043399480039ed1f7962714d4b7a
Дизайнер,https://hh.ru/resume/f1e1c2ce000531247f0039ed1f373334596e6d
Дизайнер,https://hh.ru/resume/7b04904500015cfa9f0039ed1f4b37714e5755
Дизайнер,https://hh.ru/resume/56e39d490009276f1a0039ed1f714655636532
Дизайнер,https://hh.ru/resume/fe85948300072c4f5b0039ed1f535334424c77
Дизайнер,https://hh.ru/resume/468c03ab0008b9d95c0039ed1f72674f706b54
Дизайнер,https://hh.ru/resume/45be803900027c1fcf0039ed1f576f426e346f
Дизайнер,https://hh.ru/resume/5726c6d90007c8fd4a0039ed1f435961317a6f
Дизайнер,https://hh.ru/resume/12824f330008bc2b200039ed1f666377477a59
Дизайнер,https://hh.ru/resume/4e9efb5800008d32f40039ed1f736563726574
Дизайнер,https://hh.ru/resume/ebb8309f000443d73c0039ed1f706458686955
Дизайнер,https://hh.ru/resume/69d24892000916dbaf0039ed1f56654c6c7645
Дизайнер,https://hh.ru/resume/947e3a9800051305fc0039ed1f384678536e58
Дизайнер,https://hh.ru/resume/5bfe8a2800072c03ca0039ed1f5a4144353176
Дизайнер,https://hh.ru/resume/8fcd829900064d76540039ed1f775243767065
Дизайнер,https://hh.ru/resume/02e84299000120ba520039ed1f456362697465
Дизайнер,https://hh.ru/resume/ae3ba7cb0002675a660039ed1f4e374a654352
Дизайнер,https://hh.ru/resume/11c4c96600008ebfde0039ed1f736563726574
Дизайнер,https://hh.ru/resume/42d96084000091ce000039ed1f736563726574
Дизайнер,https://hh.ru/resume/deab020c0001dcec200039ed1f794c5a327843
Дизайнер,https://hh.ru/resume/f39a91880007e543c30039ed1f344558674e45
Дизайнер,https://hh.ru/resume/4d3ef05a0005b61ec90039ed1f39766d687850
Дизайнер,https://hh.ru/resume/6cdba235000023107a0039ed1f736563726574
Дизайнер,https://hh.ru/resume/dab739b700071090700039ed1f307154334230
Дизайнер,https://hh.ru/resume/9c4229cf0001446a870039ed1f654178757247
Дизайнер,https://hh.ru/resume/fbaa0ce6000740db3d0039ed1f783447513464
Дизайнер,https://hh.ru/resume/1c1ec3f200025473200039ed1f6e4e6d306241
Дизайнер,https://hh.ru/resume/7c46d85b00072d01870039ed1f595a6133534b
Дизайнер,https://hh.ru/resume/15cfb29f0008d8ae460039ed1f617636634344
Дизайнер,https://hh.ru/resume/db355a480003347b7a0039ed1f546f646c6c68
Дизайнер,https://hh.ru/resume/42a0aad20000433d2f0039ed1f736563726574
Дизайнер,https://hh.ru/resume/3e63ea840000b943ec0039ed1f736563726574
Дизайнер,https://hh.ru/resume/2024266f0006cb40390039ed1f327148754c44
Дизайнер,https://hh.ru/resume/3e812a9e0008e07f2f0039ed1f62336f6f514a
Дизайнер,https://hh.ru/resume/35006aea00020db25d0039ed1f5a7353616134
Дизайнер,https://hh.ru/resume/0a88bdcb0000c8d10f0039ed1f716b6f363733
Дизайнер,https://hh.ru/resume/dfb53655000511c3690039ed1f4f476a664435
Дизайнер,https://hh.ru/resume/6c5c6dd50004eb16990039ed1f55424d4c4634
Дизайнер,https://hh.ru/resume/84f766570002a603fd0039ed1f6e4741663266
Дизайнер,https://hh.ru/resume/af5728b70007e9daac0039ed1f547568335252
Дизайнер,https://hh.ru/resume/aeb48f200002a173c40039ed1f434274414a42
Дизайнер,https://hh.ru/resume/29493dac0006d0e6730039ed1f6568536a656c
Дизайнер,https://hh.ru/resume/94ea563a0003cf08130039ed1f344959376b51
Дизайнер,https://hh.ru/resume/100c8c0900057fdef20039ed1f335533473733
Дизайнер,https://hh.ru/resume/b0b53e9700002409da0039ed1f736563726574
Дизайнер,https://hh.ru/resume/21e6e30d00062166f10039ed1f6d3364664942
Дизайнер,https://hh.ru/resume/cd798c4000022853930039ed1f736c4167396a
Дизайнер,https://hh.ru/resume/e81ef6200002cc573c0039ed1f327277444e66
Дизайнер,https://hh.ru/resume/49f31e1f0001f4148f0039ed1f4646514f7737
Дизайнер,https://hh.ru/resume/f152126900043c901b0039ed1f4e4f474f3442
Дизайнер,https://hh.ru/resume/bc23aa1c00080c522e0039ed1f506a7a717174
Дизайнер,https://hh.ru/resume/a1f9f17900032c9d1c0039ed1f6f7869766e44
Дизайнер,https://hh.ru/resume/a71a1a6b000105cd0f0039ed1f325a4c6d3164
Дизайнер,https://hh.ru/resume/57f73a940000a55acf0039ed1f736563726574
Дизайнер,https://hh.ru/resume/ce99ef3c000320ccca0039ed1f593858386d62
Дизайнер,https://hh.ru/resume/4a5a9be400066402eb0039ed1f6a5347687a36
Дизайнер,https://hh.ru/resume/31c486c2000150dd5e0039ed1f4c4456737245
Дизайнер,https://hh.ru/resume/30274d45000294e28f0039ed1f335453494961
Дизайнер,https://hh.ru/resume/37bcfc2c000118c04c0039ed1f6a696c565665
Дизайнер,https://hh.ru/resume/22f826b00002b1c8db0039ed1f5a4e6f454b4a
Дизайнер,https://hh.ru/resume/2ac8af1f00060e69af0039ed1f515755304347
Дизайнер,https://hh.ru/resume/963cedd4000853e39c0039ed1f486d316f5238
Дизайнер,https://hh.ru/resume/4aae271f0009248f7d0039ed1f6e4541443170
Дизайнер,https://hh.ru/resume/4f32950200059a5a560039ed1f4d38576a7373
Дизайнер,https://hh.ru/resume/44f392a200022ebe4d0039ed1f575255305350
Дизайнер,https://hh.ru/resume/55d97c3800012d72200039ed1f577a31593842
Дизайнер,https://hh.ru/resume/793fd07f00086571320039ed1f6e334e327255
Дизайнер,https://hh.ru/resume/cab5ea0500087350ed0039ed1f6c7132545068
Дизайнер,https://hh.ru/resume/b68d7ddd00059372f50039ed1f304d51526c5a
Дизайнер,https://hh.ru/resume/b05a32f200082ba6020039ed1f70364f436952
Дизайнер,https://hh.ru/resume/e59eea4e000360d9cc0039ed1f54536e75654d
HR-менеджер,https://hh.ru/resume/d62f43c70006294aa90039ed1f7759346f7532
HR-менеджер,https://hh.ru/resume/fdbbb4ec000281a21b0039ed1f383956686d34
HR-менеджер,https://hh.ru/resume/de4362ff0001a4c8b60039ed1f5a39534e4848
HR-менеджер,https://hh.ru/resume/c6afe00900013934850039ed1f3769624c6149
HR-менеджер,https://hh.ru/resume/94567b0f0001f727150039ed1f423673755a35
HR-менеджер,https://hh.ru/resume/2af7988e00006473560039ed1f736563726574
HR-менеджер,https://hh.ru/resume/013a475c0007db202b0039ed1f426a33636959
HR-менеджер,https://hh.ru/resume/8f6017dc00006f354a0039ed1f736563726574
HR-менеджер,https://hh.ru/resume/0722dba100011661a80039ed1f57646835416f
HR-менеджер,https://hh.ru/resume/bc1e2b0b00081bb1cd0039ed1f654a7644574d
HR-менеджер,https://hh.ru/resume/15b790d60008ee3e0b0039ed1f386e654b5064
HR-менеджер,https://hh.ru/resume/d67d58990002f62e4c0039ed1f384b4e684533
HR-менеджер,https://hh.ru/resume/336a713e000816aff60039ed1f6950567a4b74
HR-менеджер,https://hh.ru/resume/caf7de500001c93ec00039ed1f514259594353
HR-менеджер,https://hh.ru/resume/e576655b0005752f4c0039ed1f396c62614348
HR-менеджер,https://hh.ru/resume/982a4bc300057778d80039ed1f357141303576
HR-менеджер,https://hh.ru/resume/8563da3c00079edc660039ed1f754545645250
HR-менеджер,https://hh.ru/resume/cb67ca6e00039ba1050039ed1f33524346674b
HR-менеджер,https://hh.ru/resume/69ced5e50000c180ee0039ed1f68776165534f
HR-менеджер,https://hh.ru/resume/2c8e036e00009bac480039ed1f736563726574
HR-менеджер,https://hh.ru/resume/707dfc16000439c35d0039ed1f476330756c46
HR-менеджер,https://hh.ru/resume/420231c600041bff9c0039ed1f5452494c3967
HR-менеджер,https://hh.ru/resume/82c39d8d0007ab9d530039ed1f6c434d6a6d4f
HR-менеджер,https://hh.ru/resume/1978c0db0007d9c1720039ed1f36414b6a3050
HR-менеджер,https://hh.ru/resume/a79154460004cdff2c0039ed1f5a4d4c325831
HR-менеджер,https://hh.ru/resume/8ccc1d2e00031c352b0039ed1f65597a454f75
HR-менеджер,https://hh.ru/resume/91397ec70001e274130039ed1f526f636b4448
HR-менеджер,https://hh.ru/resume/e841146b0000d3de690039ed1f4d6d324c4d79
HR-менеджер,https://hh.ru/resume/a3b1c628000604528e0039ed1f41624e6c6962
HR-менеджер,https://hh.ru/resume/86de27730002bc27770039ed1f645465764736
HR-менеджер,https://hh.ru/resume/8e538f4600022b963a0039ed1f434e474e5675
HR-менеджер,https://hh.ru/resume/51f2ec3c0007eb24700039ed1f733130505670
HR-менеджер,https://hh.ru/resume/2685886700034c28c00039ed1f326f58384c46
HR-менеджер,https://hh.ru/resume/8a650a0e0001aa11700039ed1f6d4f61387067
HR-менеджер,https://hh.ru/resume/1c162f230002deed980039ed1f6368467a5177
HR-менеджер,https://hh.ru/resume/10278bbd0007c334660039ed1f355271757062
HR-менеджер,https://hh.ru/resume/9b2aa33a000743871b0039ed1f44377254476e
HR-менеджер,https://hh.ru/resume/6baab26b00081a4abd0039ed1f4d77364b5849
HR-менеджер,https://hh.ru/resume/8d1d50410000c94c720039ed1f497639533278
HR-менеджер,https://hh.ru/resume/d18c9e5f000259c21f0039ed1f424f71783953
HR-менеджер,https://hh.ru/resume/4489b2cd000233cae60039ed1f356d36313649
HR-менеджер,https://hh.ru/resume/5f7290c700059e2c070039ed1f6a556c75494b
HR-менеджер,https://hh.ru/resume/0a15894b00026a90080039ed1f66756f6c4b5a
HR-менеджер,https://hh.ru/resume/03b1162d0002f997eb0039ed1f614577375262
HR-менеджер,https://hh.ru/resume/fedb296e0005bd8a1c0039ed1f53703272686e
HR-менеджер,https://hh.ru/resume/dcef9c0400086911c80039ed1f6e716e524459
HR-менеджер,https://hh.ru/resume/7332972e0008cd78ee0039ed1f393232726a6f
HR-менеджер,https://hh.ru/resume/af5d6dc8000213dca20039ed1f78524d67704b
HR-менеджер,https://hh.ru/resume/de6e533e00023ae9c70039ed1f63586849704b
HR-менеджер,https://hh.ru/resume/ed49d45400037c26ff0039ed1f585070316750
HR-менеджер,https://hh.ru/resume/06d0067000013e284f0039ed1f33546b696f4b
HR-менеджер,https://hh.ru/resume/5f33592f000723db4a0039ed1f386435417955
HR-менеджер,https://hh.ru/resume/326a0ad20002b496e60039ed1f75613168536e
HR-менеджер,https://hh.ru/resume/f55f79870001f20c110039ed1f505a555a3044
HR-менеджер,https://hh.ru/resume/edcc259d0002dc65ac0039ed1f5a734b656f37
HR-менеджер,https://hh.ru/resume/71a90dab000400b6ff0039ed1f526b4c79674c
HR-менеджер,https://hh.ru/resume/a48ac6b300007bcdbd0039ed1f736563726574
HR-менеджер,https://hh.ru/resume/cce44f2500070d95580039ed1f38785469796a
HR-менеджер,https://hh.ru/resume/9a3cfe2a00035782690039ed1f4d54566f4348
HR-менеджер,https://hh.ru/resume/c843640e000412c9af0039ed1f7853664b4441
HR-менеджер,https://hh.ru/resume/f3e517cb00073eb7770039ed1f71723354534e
HR-менеджер,https://hh.ru/resume/60a26f3000088028de0039ed1f30336d4f6e72
HR-менеджер,https://hh.ru/resume/fc3514bc0000162c040039ed1f736563726574
HR-менеджер,https://hh.ru/resume/16c390b10001fc72d20039ed1f46547738534b
HR-менеджер,https://hh.ru/resume/e34b4f630002529d7b0039ed1f346c4b346236
HR-менеджер,https://hh.ru/resume/f612980d000643b53a0039ed1f64755a586863
HR-менеджер,https://hh.ru/resume/512239bb0002b3b58d0039ed1f4e3358396e64
HR-менеджер,https://hh.ru/resume/2dfb2d7b0000125ee20039ed1f736563726574
HR-менеджер,https://hh.ru/resume/a95fb2120005c1d81f0039ed1f4355614b7273
HR-менеджер,https://hh.ru/resume/2cbea89a00087efd020039ed1f7a526761524c
HR-менеджер,https://hh.ru/resume/74fced3200008544ce0039ed1f736563726574
HR-менеджер,https://hh.ru/resume/78edfcb400025995810039ed1f637737703849
HR-менеджер,https://hh.ru/resume/59eb8af10008fa30010039ed1f596738414b4c
HR-менеджер,https://hh.ru/resume/be7a51d600016c855f0039ed1f54344f316b6a
HR-менеджер,https://hh.ru/resume/e0d1376500030099dd0039ed1f56614a544978
HR-менеджер,https://hh.ru/resume/1b96ded10005d6b4cb0039ed1f744e5a766477
HR-менеджер,https://hh.ru/resume/4a4d62060002f1f25e0039ed1f7a6443634875
HR-менеджер,https://hh.ru/resume/f14d4fd3000196cedb0039ed1f476a7948705a
HR-менеджер,https://hh.ru/resume/2f6f32dc0005ee6a220039ed1f34445355554b
HR-менеджер,https://hh.ru/resume/f9e9cb050001c9df0a0039ed1f534d76437a31
HR-менеджер,https://hh.ru/resume/0d15c6b7000334ea520039ed1f694346527365
HR-менеджер,https://hh.ru/resume/50d60b9600064d28370039ed1f35364856424e
HR-менеджер,https://hh.ru/resume/996f584800023385f30039ed1f64777a714d33
HR-менеджер,https://hh.ru/resume/7b9c0872000532590f0039ed1f65524f313657
HR-менеджер,https://hh.ru/resume/643fb9950001af89df0039ed1f5566566a6d59
HR-менеджер,https://hh.ru/resume/ff6772aa000859984f0039ed1f4b3732544c49
HR-менеджер,https://hh.ru/resume/173b775a0003e652790039ed1f6f5a52424372
HR-менеджер,https://hh.ru/resume/f5d0ecaa00044d3c020039ed1f7a7369464f38
HR-менеджер,https://hh.ru/resume/f1be2f8300010d04d20039ed1f63506b4b6c68
HR-менеджер,https://hh.ru/resume/9ea33bbf0001f8f40c0039ed1f3157726c6478
HR-менеджер,https://hh.ru/resume/aff8b5dc00076a66850039ed1f63794a544633
HR-менеджер,https://hh.ru/resume/9ef0fd710004220b960039ed1f36557273496d
HR-менеджер,https://hh.ru/resume/c25a83d7000366c5af0039ed1f6d33514a4a32
HR-менеджер,https://hh.ru/resume/f97f2f720003e1eb980039ed1f395970667563
HR-менеджер,https://hh.ru/resume/9aaf183a0001bd0a440039ed1f694375765050
HR-менеджер,https://hh.ru/resume/b168c48d00025943660039ed1f4b613558634d
HR-менеджер,https://hh.ru/resume/29c564b8000119ce910039ed1f6a4f4d5a4a38
HR-менеджер,https://hh.ru/resume/77a4177c00075fe60a0039ed1f564b76597765
HR-менеджер,https://hh.ru/resume/0b4446980001c3017c0039ed1f5844435a5030
HR-менеджер,https://hh.ru/resume/a9a6a86800014565a00039ed1f4b6b61314266
HR-менеджер,https://hh.ru/resume/69f978570000b3c6ad0039ed1f736563726574
HR-менеджер,https://hh.ru/resume/3da7077d0006c67f770039ed1f6b71344a4654
HR-менеджер,https://hh.ru/resume/656804a80007c5b96c0039ed1f537552794373
HR-менеджер,https://hh.ru/resume/732d876d0001e04ef90039ed1f6847626b3875
HR-менеджер,https://hh.ru/resume/c9341afb0001fa410c0039ed1f786846625457
HR-менеджер,https://hh.ru/resume/68bf8466000843b1e50039ed1f5a765a726e33
HR-менеджер,https://hh.ru/resume/1553e3c10007e3b35b0039ed1f474f48764f35
HR-менеджер,https://hh.ru/resume/c80bd95c0002fe9eed0039ed1f5a4e536d6c78
HR-менеджер,https://hh.ru/resume/0e0d2b030000a243040039ed1f736563726574
HR-менеджер,https://hh.ru/resume/49365c7400028d04430039ed1f67716f74774d
HR-менеджер,https://hh.ru/resume/c6e7360000080e484a0039ed1f374c54305456
HR-менеджер,https://hh.ru/resume/3a63a58d00020a14540039ed1f6c47544f5966
HR-менеджер,https://hh.ru/resume/57e09f1a0007a5e8030039ed1f54507a503673
HR-менеджер,https://hh.ru/resume/48d1d66300042a30470039ed1f764d77566467
HR-менеджер,https://hh.ru/resume/13758e0300054cff380039ed1f395078566839
HR-менеджер,https://hh.ru/resume/e4f6bd89000247ace60039ed1f747744336972
HR-менеджер,https://hh.ru/resume/fc6dcd3300004a46650039ed1f736563726574
HR-менеджер,https://hh.ru/resume/25b07e640002c65faa0039ed1f4d7a6e71626b
HR-менеджер,https://hh.ru/resume/f2a673570002112d190039ed1f44305a377571
HR-менеджер,https://hh.ru/resume/17a58887000897eceb0039ed1f515673517473
HR-менеджер,https://hh.ru/resume/6494439000038cff920039ed1f4b4671506148
HR-менеджер,https://hh.ru/resume/cd795fc70002bc6d1f0039ed1f646a37396547
HR-менеджер,https://hh.ru/resume/fb265c5b000236d0ea0039ed1f764e4f7a4932
HR-менеджер,https://hh.ru/resume/9a9df75300039ccb630039ed1f495869793975
HR-менеджер,https://hh.ru/resume/f0bc8fbe0000dd2b160039ed1f315044544e37
HR-менеджер,https://hh.ru/resume/28269f1a0001e3fb0e0039ed1f504963703834
HR-менеджер,https://hh.ru/resume/0775f46f000725cde90039ed1f6f426151547a
HR-менеджер,https://hh.ru/resume/4ade6cd200038222ba0039ed1f644f516f524a
HR-менеджер,https://hh.ru/resume/8c7e5e87000023d3090039ed1f736563726574
HR-менеджер,https://hh.ru/resume/6e29a6a00004fcb93f0039ed1f52624c6d6431
HR-менеджер,https://hh.ru/resume/ecb0e24900025cf3ed0039ed1f655064436c41
HR-менеджер,https://hh.ru/resume/2af037dd0008be06b20039ed1f6241554e4d79
HR-менеджер,https://hh.ru/resume/2cfe51fa000106263f0039ed1f7261506e4751
HR-менеджер,https://hh.ru/resume/d6791390000797f5ae0039ed1f79513051536e
HR-менеджер,https://hh.ru/resume/7c7492570007e2826e0039ed1f7338686f395a
HR-менеджер,https://hh.ru/resume/112a85640002eb22e60039ed1f4a4675564c33
HR-менеджер,https://hh.ru/resume/8d9b94ed00051012780039ed1f595a674d4251
HR-менеджер,https://hh.ru/resume/434f708c00007247b00039ed1f736563726574
HR-менеджер,https://hh.ru/resume/4792fa810002bb3d760039ed1f6348336b346e
HR-менеджер,https://hh.ru/resume/ae79fc2300007d95e70039ed1f736563726574
HR-менеджер,https://hh.ru/resume/8fd8e7a90001bfb2d30039ed1f484a69557938
HR-менеджер,https://hh.ru/resume/0d8b86ea0008e14d6d0039ed1f634842734e63
HR-менеджер,https://hh.ru/resume/6926a78d00020ff4360039ed1f4a4977336758
HR-менеджер,https://hh.ru/resume/a47568c300017f06cf0039ed1f514377637135
HR-менеджер,https://hh.ru/resume/91feec640004d052e60039ed1f4b756b784669
HR-менеджер,https://hh.ru/resume/d02027f70007f8db320039ed1f57446f373370
HR-менеджер,https://hh.ru/resume/bba587cd0001bd35920039ed1f63746d493859
HR-менеджер,https://hh.ru/resume/db78c78c00007d41180039ed1f736563726574
HR-менеджер,https://hh.ru/resume/cbd58d4700032ddcbd0039ed1f613041397a38
HR-менеджер,https://hh.ru/resume/176e459900020fb2150039ed1f4c5179346e63
HR-менеджер,https://hh.ru/resume/77de12b500078463570039ed1f75486e346a6d
HR-менеджер,https://hh.ru/resume/90b1045a0005f18a410039ed1f796f47687467
HR-менеджер,https://hh.ru/resume/72b460cd00035dad840039ed1f536551723670
HR-менеджер,https://hh.ru/resume/d77596ac00011d878e0039ed1f724478693830
HR-менеджер,https://hh.ru/resume/ecea28390002ac3dc50039ed1f466543747279
HR-менеджер,https://hh.ru/resume/204960cf0000b10b0b0039ed1f736563726574
HR-менеджер,https://hh.ru/resume/bfc0430700016e79b90039ed1f323335557643
HR-менеджер,https://hh.ru/resume/5a4179e3000378acd80039ed1f4c4638444771
HR-менеджер,https://hh.ru/resume/f14fc7160003f19b070039ed1f5a416b7a5242
HR-менеджер,https://hh.ru/resume/bd0ab57d00052801a90039ed1f504c3835634a
HR-менеджер,https://hh.ru/resume/6a60ecfb0002dd239e0039ed1f33486d784559
HR-менеджер,https://hh.ru/resume/e6dbbcdc0000ae1c990039ed1f736563726574
HR-менеджер,https://hh.ru/resume/9907691200050b0ec00039ed1f686c74513059
HR-менеджер,https://hh.ru/resume/fa73346700002691740039ed1f736563726574
HR-менеджер,https://hh.ru/resume/e302d1cc000414763e0039ed1f486a6f643448
HR-менеджер,https://hh.ru/resume/0d24ff190005a15c2b0039ed1f463448333649
HR-менеджер,https://hh.ru/resume/a12d2c950002ef44df0039ed1f4f33685a6778
HR-менеджер,https://hh.ru/resume/a73bc96b0003d0c78f0039ed1f6f72345a554c
HR-менеджер,https://hh.ru/resume/0f57b1ed0002c9e62d0039ed1f676d3653575a
HR-менеджер,https://hh.ru/resume/057247590000ed41e10039ed1f677546327744
HR-менеджер,https://hh.ru/resume/0f034b5c0006b0b1ff0039ed1f49507a355254
HR-менеджер,https://hh.ru/resume/de7bb1c100026381740039ed1f5a794c345370
HR-менеджер,https://hh.ru/resume/46f7034c000858a3d00039ed1f683977527363
HR-менеджер,https://hh.ru/resume/99fcb6b500009a35520039ed1f736563726574
HR-менеджер,https://hh.ru/resume/951ad50e000201fe230039ed1f77505369624d
HR-менеджер,https://hh.ru/resume/8e83dff30001d8bb040039ed1f43786a464875
HR-менеджер,https://hh.ru/resume/083f83ca00021253ed0039ed1f41526b784f64
HR-менеджер,https://hh.ru/resume/bdf67d7f0000d022300039ed1f4645774a6b6f
HR-менеджер,https://hh.ru/resume/f43107db00051ec1190039ed1f67644955494b
HR-менеджер,https://hh.ru/resume/1579ef590003eba3660039ed1f3646386c4b33
HR-менеджер,https://hh.ru/resume/3c52668e0008d1b29b0039ed1f646b7a6a7041
HR-менеджер,https://hh.ru/resume/c269774200043325ec0039ed1f585a74343036
HR-менеджер,https://hh.ru/resume/9ba06a7d000251420b0039ed1f6747584c586e
HR-менеджер,https://hh.ru/resume/623d9c7e00024e95b80039ed1f6e33426f484b
HR-менеджер,https://hh.ru/resume/935cb9970004f14e630039ed1f666f39716c31
HR-менеджер,https://hh.ru/resume/3cc4aec00003c636de0039ed1f53696b4d7555
HR-менеджер,https://hh.ru/resume/5de0ad0e00036800b10039ed1f677864645448
HR-менеджер,https://hh.ru/resume/7d3aa65400072cabf50039ed1f497078323858
HR-менеджер,https://hh.ru/resume/60e80e6600055244fe0039ed1f6d46504e6841
HR-менеджер,https://hh.ru/resume/41f3a1740002c61a380039ed1f664c34677851
HR-менеджер,https://hh.ru/resume/fa4741f00003455b050039ed1f676455524331
HR-менеджер,https://hh.ru/resume/1a063dc400009a1ffc0039ed1f736563726574
HR-менеджер,https://hh.ru/resume/50b7719d0000e93b0b0039ed1f6f3078373157
HR-менеджер,https://hh.ru/resume/60dc03ed000171ca7a0039ed1f4b7853526d71
HR-менеджер,https://hh.ru/resume/fb092e2e00040636d20039ed1f77765272454e
HR-менеджер,https://hh.ru/resume/9768673f0002c4f3620039ed1f735646717a4a
HR-менеджер,https://hh.ru/resume/ffd0afe200024be4b20039ed1f676c63434c52
HR-менеджер,https://hh.ru/resume/6bb3d3a50005aa9c7f0039ed1f4e46634e6d66
HR-менеджер,https://hh.ru/resume/1f470d890002638a060039ed1f474f47495846
HR-менеджер,https://hh.ru/resume/2ee50e910001e258610039ed1f494d62613366
HR-менеджер,https://hh.ru/resume/90a4ec3c0002164fb70039ed1f7a5678734146
HR-менеджер,https://hh.ru/resume/84ac5b060001a72af00039ed1f667858376844
HR-менеджер,https://hh.ru/resume/e02ea4db000850797b0039ed1f34787a565655
HR-менеджер,https://hh.ru/resume/8b0595c40005672d6a0039ed1f427764373564
HR-менеджер,https://hh.ru/resume/ce9b735b000429c0d30039ed1f353950504179
HR-менеджер,https://hh.ru/resume/3b0ac38800024a89060039ed1f774150365a4b
HR-менеджер,https://hh.ru/resume/8fb5c89d00019dedba0039ed1f35384f744a5a
HR-менеджер,https://hh.ru/resume/74b97e910007b390f50039ed1f6574484b6875
HR-менеджер,https://hh.ru/resume/fdf8c6970008b9bf4f0039ed1f415044576573
HR-менеджер,https://hh.ru/resume/7a5a573b0005ac6ebc0039ed1f364f30325232
HR-менеджер,https://hh.ru/resume/6d8c96fb0004e235a50039ed1f7a6e53664b39
HR-менеджер,https://hh.ru/resume/9157552a00029db4a90039ed1f573658365a55
HR-менеджер,https://hh.ru/resume/50b3a70000042e4bf00039ed1f626e50764763
HR-менеджер,https://hh.ru/resume/251a727f0007db98120039ed1f363241616a7a
HR-менеджер,https://hh.ru/resume/bca251b700055dd3f30039ed1f476d42707a70
HR-менеджер,https://hh.ru/resume/0ce463e800084fb0bf0039ed1f6d3851327178
HR-менеджер,https://hh.ru/resume/fd3680a200065dc1660039ed1f6d6549334876
HR-менеджер,https://hh.ru/resume/1ef482fd000369539e0039ed1f6a6964667672
HR-менеджер,https://hh.ru/resume/fe9b655100015fcb970039ed1f676351615038
HR-менеджер,https://hh.ru/resume/0ea00f170000a402cd0039ed1f736563726574
HR-менеджер,https://hh.ru/resume/fc9a357b00071313570039ed1f486958493870
HR-менеджер,https://hh.ru/resume/f11830a80000eca7f30039ed1f705938556f6e
HR-менеджер,https://hh.ru/resume/5af623cb00028e11450039ed1f30676533474d
HR-менеджер,https://hh.ru/resume/2f417a930000f9712e0039ed1f4b4f48566e6d
HR-менеджер,https://hh.ru/resume/e38737bf00006f25bc0039ed1f736563726574
HR-менеджер,https://hh.ru/resume/0a57e6600002a1d02e0039ed1f347448484772
HR-менеджер,https://hh.ru/resume/95a8e3910000f80c710039ed1f4768337a3152
HR-менеджер,https://hh.ru/resume/00b1402b00022434940039ed1f34765133695a
HR-менеджер,https://hh.ru/resume/ef5855a60001f1c4f20039ed1f65366b43474d
HR-менеджер,https://hh.ru/resume/1d7452c500075c28890039ed1f624557684f31
HR-менеджер,https://hh.ru/resume/db219576000164bf4b0039ed1f4131557a4634
HR-менеджер,https://hh.ru/resume/53883eb900077cef2d0039ed1f71554c595332
HR-менеджер,https://hh.ru/resume/543ea26d0002965b250039ed1f4874476d6a51
HR-менеджер,https://hh.ru/resume/35760b63000501f8c40039ed1f6c4751724d6e
HR-менеджер,https://hh.ru/resume/f34bc4560003aa59340039ed1f7673714c6973
HR-менеджер,https://hh.ru/resume/d6dd16180000e35c010039ed1f746f5371746b
HR-менеджер,https://hh.ru/resume/f19be6a30002a8a0e70039ed1f7751766e5943
HR-менеджер,https://hh.ru/resume/6bf36b9a00081f69290039ed1f636761534f37
HR-менеджер,https://hh.ru/resume/123406790005d448e70039ed1f615046367061
HR-менеджер,https://hh.ru/resume/969106380005d15e400039ed1f6736566a6549
HR-менеджер,https://hh.ru/resume/f8e1d43800035cc0aa0039ed1f52786a7a7679
HR-менеджер,https://hh.ru/resume/70d073a50000abf97e0039ed1f736563726574
HR-менеджер,https://hh.ru/resume/0e9ebdda000214877b0039ed1f78716b474265
HR-менеджер,https://hh.ru/resume/bcc47a6600037c39080039ed1f30466e543474
HR-менеджер,https://hh.ru/resume/203e1b060002d513a90039ed1f7a3461476e65
HR-менеджер,https://hh.ru/resume/146a895d00071c76240039ed1f5873446d346d
HR-менеджер,https://hh.ru/resume/6acefac900026c96100039ed1f4b724848674f
HR-менеджер,https://hh.ru/resume/7dc74aeb0000286b1c0039ed1f736563726574
HR-менеджер,https://hh.ru/resume/1513ff1d000339e1980039ed1f6d696252477a
HR-менеджер,https://hh.ru/resume/0be26d73000806bae20039ed1f3770474c7178
HR-менеджер,https://hh.ru/resume/03a44e13000196c3360039ed1f65505a674142
HR-менеджер,https://hh.ru/resume/eda1c2bb0002cea6750039ed1f546f624d4857
HR-менеджер,https://hh.ru/resume/6867fc1a00007874f50039ed1f736563726574
HR-менеджер,https://hh.ru/resume/d2c45b320002e36d9c0039ed1f583835653449
HR-менеджер,https://hh.ru/resume/0b62d4f80008571f740039ed1f4569524b3754
HR-менеджер,https://hh.ru/resume/011592b20002b3ee810039ed1f325447563833
HR-менеджер,https://hh.ru/resume/ee00fb3b0007d053d10039ed1f4a573152586e
HR-менеджер,https://hh.ru/resume/ceacfc6100015811a80039ed1f6274446e7278
HR-менеджер,https://hh.ru/resume/306e1725000768b5690039ed1f7231376b4746
HR-менеджер,https://hh.ru/resume/af51b5680001a456f50039ed1f4e37505a5472
HR-менеджер,https://hh.ru/resume/4f914987000152a40c0039ed1f523870376f4d
HR-менеджер,https://hh.ru/resume/2af4a8c90001890d0f0039ed1f594a68786e79
HR-менеджер,https://hh.ru/resume/25b6e2b20008342fe30039ed1f316b6f414542
HR-менеджер,https://hh.ru/resume/8e303b8100070f724b0039ed1f776361703832
HR-менеджер,https://hh.ru/resume/e6d592d200027630e70039ed1f313857715a55
HR-менеджер,https://hh.ru/resume/3ed7213600035f86120039ed1f4c6657444479
HR-менеджер,https://hh.ru/resume/5b3651a60007e118130039ed1f676a67437759
HR-менеджер,https://hh.ru/resume/1ef85f340004f0f6fe0039ed1f7a79596a3359
HR-менеджер,https://hh.ru/resume/c88e4c1d00077cf7360039ed1f37784e45464a
HR-менеджер,https://hh.ru/resume/b5cef5b6000461fb310039ed1f774b6567736b
HR-менеджер,https://hh.ru/resume/b71e228a0005a5ac8a0039ed1f5a7748554775
HR-менеджер,https://hh.ru/resume/ec9f509100036f40b40039ed1f4a4b756f7576
HR-менеджер,https://hh.ru/resume/32515794000231352e0039ed1f3849314c7277
HR-менеджер,https://hh.ru/resume/e7cf223300040c939a0039ed1f35414e367273
HR-менеджер,https://hh.ru/resume/85e565210001403b160039ed1f3242505a305a
HR-менеджер,https://hh.ru/resume/ba3c67c200029583ad0039ed1f7a6972493678
HR-менеджер,https://hh.ru/resume/03063e8a0007a654090039ed1f303130727532
HR-менеджер,https://hh.ru/resume/d97da8530003b714920039ed1f71486d654d74
HR-менеджер,https://hh.ru/resume/4b51a25a00092312a60039ed1f78767050716e
HR-менеджер,https://hh.ru/resume/f6dd3fd60005c2f50d0039ed1f6a4a4266496d
HR-менеджер,https://hh.ru/resume/8e5dfe4100018c25300039ed1f313069415271
HR-менеджер,https://hh.ru/resume/bbcc821700015baa860039ed1f7763424a365a
HR-менеджер,https://hh.ru/resume/986f53f70001c19bff0039ed1f43706f4f4474
HR-менеджер,https://hh.ru/resume/c9fdfa080002a9ab8a0039ed1f597a6d397073
HR-менеджер,https://hh.ru/resume/a7722886000230006f0039ed1f6b6631563441
HR-менеджер,https://hh.ru/resume/ec64f2de0001f8c7cf0039ed1f6b56326f4b67
HR-менеджер,https://hh.ru/resume/d5b6309b00001484b80039ed1f736563726574
HR-менеджер,https://hh.ru/resume/6ab5656300037fe3a20039ed1f65347834784e
HR-менеджер,https://hh.ru/resume/3b9aab370004f24a740039ed1f615a35564c4d
HR-менеджер,https://hh.ru/resume/2d8718460005ffbc7a0039ed1f614c43584164
HR-менеджер,https://hh.ru/resume/14cb4d6f0008c60e1c0039ed1f6353506a564d
HR-менеджер,https://hh.ru/resume/e682ff4800076f94170039ed1f754633477263
HR-менеджер,https://hh.ru/resume/10a56b81000199e9670039ed1f744e76654e48
HR-менеджер,https://hh.ru/resume/b9ed3e2000087a5a4d0039ed1f6c6c75354557
HR-менеджер,https://hh.ru/resume/ae03e66b0000592dfb0039ed1f736563726574
HR-менеджер,https://hh.ru/resume/d4fe77d3000375cff60039ed1f32666f776869
HR-менеджер,https://hh.ru/resume/8245eae50001c33d720039ed1f4f77334f6f46
HR-менеджер,https://hh.ru/resume/0e2b68870008427a6e0039ed1f796264546473
HR-менеджер,https://hh.ru/resume/a1944bf30000cf59560039ed1f4f5032666f4e
HR-менеджер,https://hh.ru/resume/9ba1591c000008f8cb0039ed1f736563726574
HR-менеджер,https://hh.ru/resume/cc9e695c00022c856f0039ed1f634331446e4b
HR-менеджер,https://hh.ru/resume/7a78fc5e0001dfa5ab0039ed1f477a34464930
HR-менеджер,https://hh.ru/resume/a51d5df600013e84cf0039ed1f5530514d4e74
HR-менеджер,https://hh.ru/resume/f233fecb00006d1efd0039ed1f736563726574
HR-менеджер,https://hh.ru/resume/ef0a338400018fadef0039ed1f445472304244
HR-менеджер,https://hh.ru/resume/0e0cd9d500075111c30039ed1f35694762506c
HR-менеджер,https://hh.ru/resume/53aeec45000054b66d0039ed1f736563726574
HR-менеджер,https://hh.ru/resume/3845db8c000385aa590039ed1f513849717946
HR-менеджер,https://hh.ru/resume/e2b4408200016b73f70039ed1f703354507974
HR-менеджер,https://hh.ru/resume/352ed498000194294a0039ed1f6a47456b6e58
HR-менеджер,https://hh.ru/resume/1bcdefc1000609bce50039ed1f724f5169466e
HR-менеджер,https://hh.ru/resume/6f32af670002e4e7cc0039ed1f33683875526d
HR-менеджер,https://hh.ru/resume/21c11bbc00052a9d0c0039ed1f584548456d61
HR-менеджер,https://hh.ru/resume/5b3297710004bc19170039ed1f75346a66624a
HR-менеджер,https://hh.ru/resume/bbf18565000234bdb00039ed1f7954724e6f53
HR-менеджер,https://hh.ru/resume/84016f140002607c010039ed1f686734357934
HR-менеджер,https://hh.ru/resume/f5b0edb70002d7fe430039ed1f376564506578
HR-менеджер,https://hh.ru/resume/d8a3bab20003d9ba0f0039ed1f743266346955
HR-менеджер,https://hh.ru/resume/7a1b82ca000561f2a60039ed1f4a7442345a66
HR-менеджер,https://hh.ru/resume/123fa18e0002c272fa0039ed1f383270464a42
HR-менеджер,https://hh.ru/resume/2e40f56b00033a260f0039ed1f753354574c76
HR-менеджер,https://hh.ru/resume/a6b1e50600008e2d240039ed1f736563726574
HR-менеджер,https://hh.ru/resume/9ab0a4df00036422b50039ed1f707730437658
HR-менеджер,https://hh.ru/resume/176745b1000216aca20039ed1f713870724152
HR-менеджер,https://hh.ru/resume/2dc9247d0001eab3df0039ed1f5652337a6941
HR-менеджер,https://hh.ru/resume/867cff87000831eace0039ed1f32424c6c6b76
HR-менеджер,https://hh.ru/resume/228be7c000051ba6190039ed1f715550324443
HR-менеджер,https://hh.ru/resume/5eddad0d0000caf8390039ed1f4e4838365735
HR-менеджер,https://hh.ru/resume/1412c43a0000a55b350039ed1f736563726574
HR-менеджер,https://hh.ru/resume/0ec7ae9c0008902ca60039ed1f4767596d6676
HR-менеджер,https://hh.ru/resume/7a63dd9400058cc8d20039ed1f634651436e6e
HR-менеджер,https://hh.ru/resume/efc5e7ea00007fffe90039ed1f736563726574
HR-менеджер,https://hh.ru/resume/dcc2f2cd0003d7039d0039ed1f4a7259494c4d
HR-менеджер,https://hh.ru/resume/c2b63c0900079ffd0d0039ed1f6c6e56423841
HR-менеджер,https://hh.ru/resume/505e8dc50005c246ed0039ed1f4e4855494179
HR-менеджер,https://hh.ru/resume/57f9e30100080ffd140039ed1f394579374263
HR-менеджер,https://hh.ru/resume/c163cb8400011c7fa40039ed1f444843313461
HR-менеджер,https://hh.ru/resume/0ae48d250000714f470039ed1f736563726574
HR-менеджер,https://hh.ru/resume/172ec0b1000368036d0039ed1f6a645650584f
HR-менеджер,https://hh.ru/resume/3ec9be060001d55bc80039ed1f446431334f70
HR-менеджер,https://hh.ru/resume/c0e2aedd0004e3cc900039ed1f6157386c4f36
HR-менеджер,https://hh.ru/resume/398363390003d56e2c0039ed1f4b484446795a
HR-менеджер,https://hh.ru/resume/5150408b00018615a20039ed1f4d7742796349
HR-менеджер,https://hh.ru/resume/e286eab5000857695c0039ed1f775454436c56
HR-менеджер,https://hh.ru/resume/0e25d98900039e8e7b0039ed1f79356f304846
HR-менеджер,https://hh.ru/resume/e1b25eb80003f993820039ed1f6f3555317174
HR-менеджер,https://hh.ru/resume/e1edbe590000c642350039ed1f727536656543
HR-менеджер,https://hh.ru/resume/ca9eb3e00001f189660039ed1f373651395334
HR-менеджер,https://hh.ru/resume/61343dc4000389dd080039ed1f45354b566e43
HR-менеджер,https://hh.ru/resume/203f217c000392081c0039ed1f41394c4b515a
HR-менеджер,https://hh.ru/resume/0bebc0a600057b643a0039ed1f615a7a6e6877
HR-менеджер,https://hh.ru/resume/d6a5e0a0000330831e0039ed1f6d626c52466b
HR-менеджер,https://hh.ru/resume/962f0c360001299ffa0039ed1f41526a444c58
HR-менеджер,https://hh.ru/resume/82f054a30000d8857c0039ed1f69386f623930
HR-менеджер,https://hh.ru/resume/122bc26100033af6240039ed1f375566425333
HR-менеджер,https://hh.ru/resume/c75c7a160000b3123b0039ed1f736563726574
HR-менеджер,https://hh.ru/resume/af4c39c1000739d2fb0039ed1f534442774671
HR-менеджер,https://hh.ru/resume/d204219c000416240c0039ed1f775164786735
Юрист,https://hh.ru/resume/17a4fbc50008651a950039ed1f4e4e6e48706c
Юрист,https://hh.ru/resume/b37f6d4600018e66930039ed1f387250564474
Юрист,https://hh.ru/resume/ea19e5d40001bbe94d0039ed1f5a3253444950
Юрист,https://hh.ru/resume/dd974f06000070bf750039ed1f736563726574
Юрист,https://hh.ru/resume/0eb0a1bc00011924960039ed1f513536384a54
Юрист,https://hh.ru/resume/be9f7a3a00017b00bb0039ed1f6b3261767279
Юрист,https://hh.ru/resume/a04cea6f00050881c20039ed1f694f75316273
Юрист,https://hh.ru/resume/bfe222e10001b08d120039ed1f644653664a31
Юрист,https://hh.ru/resume/e332fe8f000136a1260039ed1f535264504743
Юрист,https://hh.ru/resume/897f7c370005141ab80039ed1f6a4b6d4d3577
Юрист,https://hh.ru/resume/c09204230004eece530039ed1f626e5645616c
Юрист,https://hh.ru/resume/4b7a4f310001628af50039ed1f515434526b4b
Юрист,https://hh.ru/resume/8459265400036915870039ed1f7748334f6158
Юрист,https://hh.ru/resume/aa647df400032e58760039ed1f4a3765726b30
Юрист,https://hh.ru/resume/774c1f6f0001b2c6e30039ed1f76784c526b35
Юрист,https://hh.ru/resume/af8f46d500023c08f00039ed1f495966375151
Юрист,https://hh.ru/resume/0c11b2b10004d95a910039ed1f656337346852
Юрист,https://hh.ru/resume/981727790003a24f600039ed1f72463273524a
Юрист,https://hh.ru/resume/3c4574cb0003b3b0c90039ed1f363065386d4d
Юрист,https://hh.ru/resume/d3c73ff700091f22c10039ed1f477132505977
Юрист,https://hh.ru/resume/d0053a5500007449930039ed1f736563726574
Юрист,https://hh.ru/resume/45c97c700005a5888f0039ed1f614859416d6d
Юрист,https://hh.ru/resume/8f6e5c0600018f3b9e0039ed1f4c564c396d39
Юрист,https://hh.ru/resume/242c467e0002f065ad0039ed1f336c366e4b4b
Юрист,https://hh.ru/resume/572a003000011f54840039ed1f7a646c336654
Юрист,https://hh.ru/resume/8899d1aa00003f631b0039ed1f736563726574
Юрист,https://hh.ru/resume/9402a91600088291030039ed1f30383979557a
Юрист,https://hh.ru/resume/940384790001dd24f20039ed1f716d326f7068
Юрист,https://hh.ru/resume/6c118ee00003da24830039ed1f533846427a62
Юрист,https://hh.ru/resume/5febb0830001f43a8f0039ed1f6e736563464f
Юрист,https://hh.ru/resume/5892a0ee00023be3490039ed1f41637631736d
Юрист,https://hh.ru/resume/cf2250dc00056cf3090039ed1f5a386e387150
Юрист,https://hh.ru/resume/e3ef19ac00055766160039ed1f5031326d3876
Юрист,https://hh.ru/resume/89f9c2e400037e2b3f0039ed1f634c79643359
Юрист,https://hh.ru/resume/cb1ec46800006a877f0039ed1f736563726574
Юрист,https://hh.ru/resume/873b1a770003fde3130039ed1f305645446f33
Юрист,https://hh.ru/resume/0cacc0090002c3ff390039ed1f6555734e7935
Юрист,https://hh.ru/resume/bacdcdf50003e48eab0039ed1f526c69304269
Юрист,https://hh.ru/resume/d2d906240002e8cf9b0039ed1f414a4c724c4f
Юрист,https://hh.ru/resume/9348730500053598660039ed1f42306d4c6e66
Юрист,https://hh.ru/resume/d614769400000cb30d0039ed1f736563726574
Юрист,https://hh.ru/resume/ce1bea8a0000b128490039ed1f736563726574
Юрист,https://hh.ru/resume/f6c7f2960000667cf90039ed1f736563726574
Юрист,https://hh.ru/resume/8dbe4b110002dcff830039ed1f446f6576524e
Юрист,https://hh.ru/resume/045a7b2f00059094fd0039ed1f314467576768
Юрист,https://hh.ru/resume/0ded24ac0000bf5baa0039ed1f305161494944
Юрист,https://hh.ru/resume/5a157d0800038b81d10039ed1f43515841616a
Юрист,https://hh.ru/resume/68d64f880008b5511c0039ed1f736852305661
Юрист,https://hh.ru/resume/c34c1b0300045f47600039ed1f6c6250737936
Юрист,https://hh.ru/resume/55f3c3e70001129ed10039ed1f615433736134
Юрист,https://hh.ru/resume/98ca30650005e0e72f0039ed1f367043595473
Юрист,https://hh.ru/resume/ef5f046300018734110039ed1f3670634e3176
Юрист,https://hh.ru/resume/f239dc3800001272840039ed1f736563726574
Юрист,https://hh.ru/resume/396de8280003a5c9600039ed1f533839624764
Юрист,https://hh.ru/resume/eeeca1420000a659e50039ed1f736563726574
Юрист,https://hh.ru/resume/ad3a814c0000db14950039ed1f46725a576c31
Юрист,https://hh.ru/resume/f76ed69000033d7d4b0039ed1f6e303973656e
Юрист,https://hh.ru/resume/9f269bf40004503ffd0039ed1f505a30707165
Юрист,https://hh.ru/resume/de1899890001a4d7a00039ed1f72716f455258
Юрист,https://hh.ru/resume/3898ad7100015c842f0039ed1f51637275346a
Юрист,https://hh.ru/resume/f2825a95000529e3410039ed1f705030746c45
Юрист,https://hh.ru/resume/a42215850008506dda0039ed1f636263743374
Юрист,https://hh.ru/resume/f3b11fae00024028c90039ed1f384663504a77
Юрист,https://hh.ru/resume/a2da901b000108ed6a0039ed1f69796f6a5579
Юрист,https://hh.ru/resume/9c772a900003eede0f0039ed1f456f36344c67
Юрист,https://hh.ru/resume/ab6239c000000844350039ed1f736563726574
Юрист,https://hh.ru/resume/e5c8ef0600006ae8fa0039ed1f736563726574
Юрист,https://hh.ru/resume/2e6b814b0001ef95c60039ed1f314770375064
Юрист,https://hh.ru/resume/14b574dd00008ea8510039ed1f736563726574
Юрист,https://hh.ru/resume/f133a53a00080924ac0039ed1f33743345354d
Юрист,https://hh.ru/resume/d535491b0008637a570039ed1f4567616b4b70
Юрист,https://hh.ru/resume/e3c806680001aee6810039ed1f4a51724c3378
Юрист,https://hh.ru/resume/03aab3d20005f2abda0039ed1f696a41613762
Юрист,https://hh.ru/resume/a2d9215c00018dfe200039ed1f64496f5a5932
Юрист,https://hh.ru/resume/cc2a240500037ed4e30039ed1f695676664c46
Юрист,https://hh.ru/resume/d096feba000194d9cc0039ed1f775346367774
Юрист,https://hh.ru/resume/613ccdf40003c8e8260039ed1f47414a4d3666
Юрист,https://hh.ru/resume/1aa51ac2000769406e0039ed1f6f6d31513267
Юрист,https://hh.ru/resume/66baef770002ecf0120039ed1f47476375324e
Юрист,https://hh.ru/resume/1e527f430000cbdfc20039ed1f6148525a726f
Юрист,https://hh.ru/resume/7badc2a60001a4764c0039ed1f56593144326f
Юрист,https://hh.ru/resume/4c8e2b4000015de0160039ed1f4a4f66706d6f
Юрист,https://hh.ru/resume/dcad7e750002b7e19a0039ed1f77795442506b
Юрист,https://hh.ru/resume/b7c1fe7100092d9f8f0039ed1f586135547837
Юрист,https://hh.ru/resume/8f5b42e40001cd01330039ed1f6e4f53725a6c
Юрист,https://hh.ru/resume/76fe902c0007dcb2460039ed1f365259326b4e
Юрист,https://hh.ru/resume/79363bba000757ff2d0039ed1f646a6e376a56
Юрист,https://hh.ru/resume/22ad1b3300000f658c0039ed1f736563726574
Юрист,https://hh.ru/resume/56eaead9000744483d0039ed1f5441314b3957
Юрист,https://hh.ru/resume/b91c3b2a0002c6be0c0039ed1f45666b6d3152
Юрист,https://hh.ru/resume/ddec36d60000bac7c80039ed1f736563726574
Юрист,https://hh.ru/resume/d486c5e70008c36beb0039ed1f726c6f6e396f
Юрист,https://hh.ru/resume/c04862c20001ba2cd20039ed1f653535793230
Юрист,https://hh.ru/resume/d9fd6acd00082103310039ed1f6a686f6c6d49
Юрист,https://hh.ru/resume/24dffc4900091db1900039ed1f50524b6c796e
Юрист,https://hh.ru/resume/990971790005136ba90039ed1f66783034786b
Юрист,https://hh.ru/resume/1da0827d0003afa2dc0039ed1f6d3954597950
Юрист,https://hh.ru/resume/b07f99600004e3a3140039ed1f61336f324f71
Юрист,https://hh.ru/resume/548969db000750ee700039ed1f6d4b6a344144
Юрист,https://hh.ru/resume/5e2a7c460003b340140039ed1f70636e485345
Юрист,https://hh.ru/resume/287649260001692db20039ed1f667732673770
Юрист,https://hh.ru/resume/286b8b240001b766b20039ed1f4568776f6552
Юрист,https://hh.ru/resume/482dee62000268a15d0039ed1f42526231584b
Юрист,https://hh.ru/resume/8ed8a83900064c794c0039ed1f576c5433514c
Юрист,https://hh.ru/resume/589fc22800001320d20039ed1f736563726574
Юрист,https://hh.ru/resume/ebe4a26300061c39f70039ed1f64724c4f464f
Юрист,https://hh.ru/resume/d40ff8300005e19d420039ed1f456948326b57
Юрист,https://hh.ru/resume/9e673c3e0002a3a1f10039ed1f34534f353532
Юрист,https://hh.ru/resume/10f803180004d12f2a0039ed1f6f694b354b7a
Юрист,https://hh.ru/resume/e57d49a4000721d6270039ed1f4c5a69636f47
Юрист,https://hh.ru/resume/a21c9fd0000307f8250039ed1f703731795867
Юрист,https://hh.ru/resume/e30b2d550002358dc60039ed1f714f43543365
Юрист,https://hh.ru/resume/d0b90c450002f1de520039ed1f486133357531
Юрист,https://hh.ru/resume/13b017a30000e840c90039ed1f544477364d4a
Юрист,https://hh.ru/resume/3e7db30d00027b5b930039ed1f383255595236
Юрист,https://hh.ru/resume/a88434d80001d52ed00039ed1f486c615a6154
Юрист,https://hh.ru/resume/817f76360005d8d71d0039ed1f4b6a31664247
Юрист,https://hh.ru/resume/ea984d6a00073906b00039ed1f48623267396d
Юрист,https://hh.ru/resume/23256f21000710cf380039ed1f7753646d7066
Юрист,https://hh.ru/resume/670390ec0000e8b6000039ed1f56496374516e
Юрист,https://hh.ru/resume/b3153081000073468f0039ed1f736563726574
Юрист,https://hh.ru/resume/c84b57da00060bf7bb0039ed1f434f4b726175
Юрист,https://hh.ru/resume/c5c9494500021d8eb30039ed1f4d3746577752
Юрист,https://hh.ru/resume/b15d1edb00082e75920039ed1f68724c337272
Юрист,https://hh.ru/resume/80041d400000e46f740039ed1f357754796565
Юрист,https://hh.ru/resume/3aa60f9100083a7d550039ed1f63706f514154
Юрист,https://hh.ru/resume/936d427d0005fa90130039ed1f5a7833536442
Юрист,https://hh.ru/resume/e844a35200071974d80039ed1f4a534f4b4775
Юрист,https://hh.ru/resume/cceb4ccd00036c00060039ed1f437050665557
Юрист,https://hh.ru/resume/d5ed70700001f222420039ed1f524d56356852
Юрист,https://hh.ru/resume/e1b895510007c692020039ed1f72636c717241
Юрист,https://hh.ru/resume/7a73a4e20004354d7a0039ed1f6c5041504745
Юрист,https://hh.ru/resume/95daadd10001c232bf0039ed1f64686e427335
Юрист,https://hh.ru/resume/65fe1c710004806cff0039ed1f523978497166
Юрист,https://hh.ru/resume/f57d2cba000855878a0039ed1f376f73744c34
Юрист,https://hh.ru/resume/67af860a00000e43020039ed1f736563726574
Юрист,https://hh.ru/resume/5c71d03800031797130039ed1f6e3674583366
Юрист,https://hh.ru/resume/0454f69d00042ff7260039ed1f474265677647
Юрист,https://hh.ru/resume/979668e60004cbf0180039ed1f4b4a386b6c76
Юрист,https://hh.ru/resume/1f17d7cf0003900ee90039ed1f737462715446
Юрист,https://hh.ru/resume/f2b2ad670000d9b8120039ed1f793735524f46
Юрист,https://hh.ru/resume/de3c0a480001195a320039ed1f5044694b334e
Юрист,https://hh.ru/resume/22ebb61800071600b80039ed1f566557507038
Юрист,https://hh.ru/resume/e4c50c190004560e780039ed1f4b554470494b
Юрист,https://hh.ru/resume/0d12a8b5000905fefd0039ed1f72417a6d4946
Юрист,https://hh.ru/resume/b7b447ae0004ff45640039ed1f386f6a544a7a
Юрист,https://hh.ru/resume/db5ef1090003af717d0039ed1f3235437a4276
Юрист,https://hh.ru/resume/8d62665100017684700039ed1f534743544b71
Юрист,https://hh.ru/resume/6b40777700034054e30039ed1f316d6c574458
Юрист,https://hh.ru/resume/e51c639a00033048790039ed1f61397a76554a
Юрист,https://hh.ru/resume/f1460ca400000f52990039ed1f736563726574
Юрист,https://hh.ru/resume/d6dcb53d000036dc0a0039ed1f736563726574
Юрист,https://hh.ru/resume/04afd0a900001a127d0039ed1f736563726574
Юрист,https://hh.ru/resume/be602de90005ae98dc0039ed1f665734635935
Юрист,https://hh.ru/resume/cb651f9000011070590039ed1f36796b68374f
Юрист,https://hh.ru/resume/43f183d900011fe9000039ed1f305553416e57
Юрист,https://hh.ru/resume/2ff622300000258f770039ed1f736563726574
Юрист,https://hh.ru/resume/3bdbeaad00000114100039ed1f736563726574
Юрист,https://hh.ru/resume/497b4a4d00021e744c0039ed1f514730716e66
Юрист,https://hh.ru/resume/4aef7b8900018c09750039ed1f536e644e3967
Юрист,https://hh.ru/resume/2bff1bc700013beebd0039ed1f46345955304d
Юрист,https://hh.ru/resume/2f732b1b0000bae2780039ed1f736563726574
Юрист,https://hh.ru/resume/4ad02ee10007a33c640039ed1f675263563941
Юрист,https://hh.ru/resume/569c329300049660a40039ed1f6332626f325a
Юрист,https://hh.ru/resume/789b2fc9000854d1600039ed1f6d4b37744a78
Юрист,https://hh.ru/resume/a20cf9ea0001b2ca1e0039ed1f704b7a544243
Юрист,https://hh.ru/resume/af2aa23800055ccc4c0039ed1f6650514b4c52
Юрист,https://hh.ru/resume/9b4298b800008762600039ed1f736563726574
Юрист,https://hh.ru/resume/281d849300039d83760039ed1f476f5a764b52
Юрист,https://hh.ru/resume/331bb3bb00013036b00039ed1f474b6e315059
Юрист,https://hh.ru/resume/69f4099c00016626bd0039ed1f534458373571
Юрист,https://hh.ru/resume/1322d4cc000379cd780039ed1f6235687a6246
Юрист,https://hh.ru/resume/e223a51b00037a54e30039ed1f3631756f4e6c
Юрист,https://hh.ru/resume/b4510fe6000182bdec0039ed1f736b396a6b53
Юрист,https://hh.ru/resume/e05fe85e00085ea5500039ed1f624b50584d33
Юрист,https://hh.ru/resume/2062e9890005c1162a0039ed1f506e4f383278
Юрист,https://hh.ru/resume/a3e9b5730000e1ac750039ed1f5a4a5843694f
Юрист,https://hh.ru/resume/c1161ae10000c6ac5e0039ed1f324878595549
Юрист,https://hh.ru/resume/04d6cfb5000753fe750039ed1f6d4158506966
Юрист,https://hh.ru/resume/c5386df00000f406250039ed1f6e754d637072
Юрист,https://hh.ru/resume/55976514000778ee000039ed1f445737534d54
Юрист,https://hh.ru/resume/250a004100079615b80039ed1f5832766c3234
Юрист,https://hh.ru/resume/4ba282cf0004079a100039ed1f32375a6c5a64
Юрист,https://hh.ru/resume/04ba1ccc00032bc9020039ed1f536152394e75
Юрист,https://hh.ru/resume/52c2612b0001a8db7c0039ed1f573030714736
Юрист,https://hh.ru/resume/2d26530b0003ff0fdb0039ed1f437564703561
Юрист,https://hh.ru/resume/b32efc000004eaa3140039ed1f766648385a65
Юрист,https://hh.ru/resume/0554245100057711720039ed1f6d6777584752
Юрист,https://hh.ru/resume/ec4c65a900007316be0039ed1f736563726574
Юрист,https://hh.ru/resume/31a87a76000441df2e0039ed1f4e5046517256
Юрист,https://hh.ru/resume/f76fb65d00028038ea0039ed1f334a764f6563
Юрист,https://hh.ru/resume/d73ae9e700086e76c80039ed1f595a74547a75
Юрист,https://hh.ru/resume/6deb697700022b06910039ed1f447348464459
Юрист,https://hh.ru/resume/38c6cf6d00091c48090039ed1f6c6b614d4850
Юрист,https://hh.ru/resume/d27721f60001bebb820039ed1f52546b313041
Юрист,https://hh.ru/resume/a755bbad00016faf3e0039ed1f794f65744941
Юрист,https://hh.ru/resume/a73579a2000755d0cc0039ed1f676770424c4f
Юрист,https://hh.ru/resume/5f7417cb00006c2ac20039ed1f736563726574
Юрист,https://hh.ru/resume/b6c6395000041ed58f0039ed1f484d4d77726b
Юрист,https://hh.ru/resume/784797f7000008c1910039ed1f736563726574
Юрист,https://hh.ru/resume/6505fbd50008fe34140039ed1f445079665a6c
Юрист,https://hh.ru/resume/34e3023e00030226290039ed1f4554534f4a76
Юрист,https://hh.ru/resume/3e8392300007f894f90039ed1f58444a635239
Юрист,https://hh.ru/resume/58be98fb00053116580039ed1f4a485273556e
Юрист,https://hh.ru/resume/dac1c1660003af575d0039ed1f4554444c5447
Юрист,https://hh.ru/resume/605873dd0001f84ddc0039ed1f43735a515355
Юрист,https://hh.ru/resume/aefe03ba0005bac1930039ed1f576f58423668
Юрист,https://hh.ru/resume/acff15fe0007ae6aa00039ed1f486d6c465156
Юрист,https://hh.ru/resume/f3caacb10004d918ad0039ed1f374b5042546d
Юрист,https://hh.ru/resume/318bbdff00000499b40039ed1f736563726574
Юрист,https://hh.ru/resume/be3be6a90005014c830039ed1f44335a5a5158
Юрист,https://hh.ru/resume/a7b43cc8000186f9b50039ed1f554e75767852
Юрист,https://hh.ru/resume/82c4a58e00020317aa0039ed1f6b5131583354
Юрист,https://hh.ru/resume/5e29f07f000724b50d0039ed1f726c6f544367
Юрист,https://hh.ru/resume/a82903ab000516efd30039ed1f36393275697a
Юрист,https://hh.ru/resume/b221daf000025484650039ed1f6e5463756c52
Юрист,https://hh.ru/resume/d12b366e000898a9b10039ed1f584249323579
Юрист,https://hh.ru/resume/3a7d3c12000389dff30039ed1f714d46333943
Юрист,https://hh.ru/resume/d9486d7a0001ed47790039ed1f354f76363067
Юрист,https://hh.ru/resume/d43bcc7700041a926b0039ed1f54725a45486e
Юрист,https://hh.ru/resume/db75c7690000bdadaf0039ed1f736563726574
Юрист,https://hh.ru/resume/a578f5560002c6acfe0039ed1f7558634e3777
Юрист,https://hh.ru/resume/03bdb6c300052abf0d0039ed1f6b474e53586a
Юрист,https://hh.ru/resume/4381229d0000ff0a810039ed1f396a6c576158
Юрист,https://hh.ru/resume/ca15bdf40000211f1f0039ed1f736563726574
Юрист,https://hh.ru/resume/9d66c0610008e319d20039ed1f684f72437474
Юрист,https://hh.ru/resume/9e42d49200021d35490039ed1f4d4a70684a34
Юрист,https://hh.ru/resume/da3717ab000589ee490039ed1f744446697453
Юрист,https://hh.ru/resume/6a29fc36000758d1a00039ed1f537a574d3277
Юрист,https://hh.ru/resume/2317b98600007c728e0039ed1f736563726574
Юрист,https://hh.ru/resume/a51b1f550003374e3b0039ed1f4e3972535447
Юрист,https://hh.ru/resume/d5d15af6000001b7890039ed1f736563726574
Юрист,https://hh.ru/resume/cdafb0e200017df0ca0039ed1f77326c35326d
Юрист,https://hh.ru/resume/b67e9db2000063f0f10039ed1f736563726574
Юрист,https://hh.ru/resume/5a8ae4410001f3bf820039ed1f657243757668
Юрист,https://hh.ru/resume/8c1edaf2000357cd000039ed1f54685476534c
Юрист,https://hh.ru/resume/0dec39460001a1518e0039ed1f796549554361
Юрист,https://hh.ru/resume/c95d862b0001e6c74a0039ed1f536e76746551
Юрист,https://hh.ru/resume/9b64884500002987630039ed1f736563726574
Юрист,https://hh.ru/resume/ae7ff50a000219fc250039ed1f76453159626b
Юрист,https://hh.ru/resume/b871fe220006498c190039ed1f753732433770
Юрист,https://hh.ru/resume/f9a0a09000071c66e20039ed1f6432786e7a59
Юрист,https://hh.ru/resume/00e9a515000292e85e0039ed1f62656b6e3249
Юрист,https://hh.ru/resume/7180696f0008ffa6dd0039ed1f467368384532
Юрист,https://hh.ru/resume/3faeccd500037ddcc10039ed1f32764932726c
Юрист,https://hh.ru/resume/db1ce86d00029d08ae0039ed1f74715a573949
Юрист,https://hh.ru/resume/f7e6618400083711730039ed1f3769746e6b55
Юрист,https://hh.ru/resume/2e759e6000026c37b10039ed1f613134417566
Юрист,https://hh.ru/resume/b7a99ecf00041fc9b00039ed1f6d5375417869
Юрист,https://hh.ru/resume/b286ca81000737ff240039ed1f6853434e6641
Юрист,https://hh.ru/resume/0e7f0a490003bad7ef0039ed1f37696a4f4851
Юрист,https://hh.ru/resume/0cc9149300035743600039ed1f437350373134
Юрист,https://hh.ru/resume/dad0812c00057e9ee50039ed1f6c6469336d69
Юрист,https://hh.ru/resume/3cd8ac5800004c5fe00039ed1f736563726574
Юрист,https://hh.ru/resume/f903dfad0005fa236b0039ed1f434b5438626d
Юрист,https://hh.ru/resume/c296d375000375c8650039ed1f6f5177507149
Юрист,https://hh.ru/resume/968732ad0008c176510039ed1f356f536f6849
Юрист,https://hh.ru/resume/f338fe7300010bca110039ed1f495851767232
Юрист,https://hh.ru/resume/16d9ae6d0005f2077d0039ed1f327056626e6b
Юрист,https://hh.ru/resume/624cb4dd000037d7fa0039ed1f736563726574
Юрист,https://hh.ru/resume/5f6d9eee00016080360039ed1f447859533063
Юрист,https://hh.ru/resume/03e48ab3000239dff50039ed1f6a6946627267
Юрист,https://hh.ru/resume/6167abc900087673e70039ed1f4348366f6361
Юрист,https://hh.ru/resume/8e463bc80007a407c40039ed1f487374496574
Юрист,https://hh.ru/resume/30f5212f00037ddada0039ed1f70644536715a
Юрист,https://hh.ru/resume/d7ab60890000c5b9610039ed1f6264664c4645
Юрист,https://hh.ru/resume/da6e3b00000494b33e0039ed1f526b534c4c72
Юрист,https://hh.ru/resume/42a887df00021bf6240039ed1f744d4e393566
Юрист,https://hh.ru/resume/ba9b3bf100023bbbe10039ed1f36306e365941
Юрист,https://hh.ru/resume/386f3f450002d5b7b60039ed1f4d6d31425934
Юрист,https://hh.ru/resume/6c62db0d0004ecefb40039ed1f59617a5a3861
Юрист,https://hh.ru/resume/8e0f559e000091291c0039ed1f736563726574
Юрист,https://hh.ru/resume/ec75b369000111c3d50039ed1f6151765a6f30
Юрист,https://hh.ru/resume/d30d0c1a00033208440039ed1f755530744762
Юрист,https://hh.ru/resume/acf10c4a00051a03330039ed1f6c456c396773
Юрист,https://hh.ru/resume/328c44df0001d4a2330039ed1f53426c426f38
Юрист,https://hh.ru/resume/a4d6cdfb000313e3400039ed1f7a533168585a
Юрист,https://hh.ru/resume/8602ac3f00014611730039ed1f47304a4e5468
Юрист,https://hh.ru/resume/3015ae0f000205f8d80039ed1f4e6f6950456d
Юрист,https://hh.ru/resume/f108de000005c943e00039ed1f733467424554
Юрист,https://hh.ru/resume/13cfaf00000031ffcb0039ed1f736563726574
Юрист,https://hh.ru/resume/6545fb9a00012872200039ed1f6f4652796f46
Юрист,https://hh.ru/resume/0e89793c0001d9c0340039ed1f6b4b4c4b4651
Юрист,https://hh.ru/resume/d2932153000205f2760039ed1f436b71535259
Юрист,https://hh.ru/resume/55471dd4000030c1090039ed1f736563726574
Юрист,https://hh.ru/resume/e7a4b7220005e16ad50039ed1f5442574e7879
Юрист,https://hh.ru/resume/d9d8f26e000083b1640039ed1f736563726574
Юрист,https://hh.ru/resume/b203e8cb0006350e550039ed1f6d61354b7a4a
Юрист,https://hh.ru/resume/f9ea6eb60001152d690039ed1f456e4a515344
Юрист,https://hh.ru/resume/ca49a7aa00025894350039ed1f6167776f6d4c
Юрист,https://hh.ru/resume/3d08ec8d0000bf66d00039ed1f6b4765633049
Юрист,https://hh.ru/resume/8d1879fb00018d06060039ed1f5972586d6345
Юрист,https://hh.ru/resume/ede973ca00010959f40039ed1f4f595874786f
Юрист,https://hh.ru/resume/db70b01c000809e5dd0039ed1f504b64736657
Юрист,https://hh.ru/resume/62e3e9300001e1d0730039ed1f63636a666b53
Юрист,https://hh.ru/resume/ff2169f80005f7319b0039ed1f5a7155656d6e
Юрист,https://hh.ru/resume/f6b3c3950000c7a6440039ed1f796d694e6771
Юрист,https://hh.ru/resume/da8f076f0008644eab0039ed1f42386c534d52
Юрист,https://hh.ru/resume/aa83c36c00015c22830039ed1f4d7053555950
Юрист,https://hh.ru/resume/b854e765000391e3650039ed1f343832314454
Юрист,https://hh.ru/resume/93159ae90005873fe60039ed1f556f5855366c
Юрист,https://hh.ru/resume/218e5a750006304b6a0039ed1f653046674665
Юрист,https://hh.ru/resume/b82e9d2800023269970039ed1f333952476f74
Юрист,https://hh.ru/resume/136474fc00027d3d690039ed1f523669317457
Юрист,https://hh.ru/resume/38b7462c0008367deb0039ed1f6253616f4352
Юрист,https://hh.ru/resume/68a5cf610005a25d2f0039ed1f596f51526864
Юрист,https://hh.ru/resume/45a2fe86000258417c0039ed1f754337656a51
Юрист,https://hh.ru/resume/96a094720007650e660039ed1f5a30694f6947
Юрист,https://hh.ru/resume/d1d9a8340005eb2da60039ed1f414c314e7538
Юрист,https://hh.ru/resume/280b0e6700012500e10039ed1f687379356951
Юрист,https://hh.ru/resume/dd35ac3100049b57760039ed1f376171546848
Юрист,https://hh.ru/resume/e0b945b00003f7d5a80039ed1f713832775745
Юрист,https://hh.ru/resume/f5d9d6c5000798f6980039ed1f7576684c796a
Юрист,https://hh.ru/resume/cef6b9dd00079287440039ed1f756d466d5863
Юрист,https://hh.ru/resume/1c2f8c350001b3a4730039ed1f6b4d4c565a36
Юрист,https://hh.ru/resume/ec8d59dc00054c53e00039ed1f4747674e5a57
Юрист,https://hh.ru/resume/96ab54780002df305d0039ed1f506e315a4b6b
Юрист,https://hh.ru/resume/0f465b540002f9fb500039ed1f6f486a525439
Юрист,https://hh.ru/resume/fd96b82300016144900039ed1f6d7838327257
Юрист,https://hh.ru/resume/3b940c3f0003d56e140039ed1f554936496736
Юрист,https://hh.ru/resume/11fb39540004da3e6c0039ed1f616450317a4b
Юрист,https://hh.ru/resume/0f2aec8200050bb0290039ed1f6639724d6a51
Юрист,https://hh.ru/resume/90d767b90001cb56370039ed1f7a474a4c4779
Маркетолог,https://hh.ru/resume/5a8019f200003487140039ed1f736563726574
Маркетолог,https://hh.ru/resume/bb4df4200003e2f3f00039ed1f776a637a3264
Маркетолог,https://hh.ru/resume/09eff4bc00038d661a0039ed1f54614e544255
Маркетолог,https://hh.ru/resume/6847b98a00037c7ea50039ed1f624b776b356b
Маркетолог,https://hh.ru/resume/daafaeb500035546460039ed1f586638573543
Маркетолог,https://hh.ru/resume/e2de5cb00003ee06000039ed1f5a3459465941
Маркетолог,https://hh.ru/resume/ad1d1c28000205df320039ed1f37536b525a6e
Маркетолог,https://hh.ru/resume/2b61754700087f47420039ed1f767269616558
Маркетолог,https://hh.ru/resume/ecaebc5600041098830039ed1f626c70614563
Маркетолог,https://hh.ru/resume/c248c6d900070848130039ed1f5776486a4d46
Маркетолог,https://hh.ru/resume/ad5d6a68000858af550039ed1f44585471616b
Маркетолог,https://hh.ru/resume/304e0fd7000090281f0039ed1f736563726574
Маркетолог,https://hh.ru/resume/3659c3a90007f36eda0039ed1f346c4d683976
Маркетолог,https://hh.ru/resume/b8310db700073d5dfa0039ed1f655856326275
Маркетолог,https://hh.ru/resume/78ed4a250008eb68cb0039ed1f64786e474b4c
Маркетолог,https://hh.ru/resume/6667d9100000c8c0270039ed1f68734e424c4f
Маркетолог,https://hh.ru/resume/dfc444df0001dbab820039ed1f5a72514e4b74
Маркетолог,https://hh.ru/resume/8eefcc9f0001e8243b0039ed1f316c6c6a5648
Маркетолог,https://hh.ru/resume/cc1cc50000000696d60039ed1f736563726574
Маркетолог,https://hh.ru/resume/e97290460001bdedc40039ed1f325850567252
Маркетолог,https://hh.ru/resume/a7b40804000230c9880039ed1f7a4a36675072
Маркетолог,https://hh.ru/resume/954640580001cee09b0039ed1f494e496b5658
Маркетолог,https://hh.ru/resume/d8b8601000032eaa290039ed1f32705a6e4e72
Маркетолог,https://hh.ru/resume/6b319f9100004ba51c0039ed1f736563726574
Маркетолог,https://hh.ru/resume/439b69240000af6dd30039ed1f736563726574
Маркетолог,https://hh.ru/resume/9ed96faf00083fa4ee0039ed1f745444356767
Маркетолог,https://hh.ru/resume/a891bfc200043ea3a70039ed1f4c4d41364647
Маркетолог,https://hh.ru/resume/d0b91a0a0003c709000039ed1f6a6a54567357
Маркетолог,https://hh.ru/resume/22c5930a000822ae140039ed1f687746577559
Маркетолог,https://hh.ru/resume/6a90016b0008b4da780039ed1f34366e4c6138
Маркетолог,https://hh.ru/resume/6ce03d2c00008b5b0c0039ed1f736563726574
Маркетолог,https://hh.ru/resume/144dc8dc00052f5b910039ed1f463535504464
Маркетолог,https://hh.ru/resume/359e505400039c13220039ed1f535859503574
Маркетолог,https://hh.ru/resume/fb71c789000532c5170039ed1f325231644248
Маркетолог,https://hh.ru/resume/3bf20c3400038d79550039ed1f6c6145324b35
Маркетолог,https://hh.ru/resume/093064ee0002ffb0930039ed1f497644347479
Маркетолог,https://hh.ru/resume/dbc5a2460002f56f210039ed1f664255727371
Маркетолог,https://hh.ru/resume/a1dee3ea00022c1d070039ed1f6f7246735677
Маркетолог,https://hh.ru/resume/4117e3170009091f2a0039ed1f794c67765464
Маркетолог,https://hh.ru/resume/86583fde0001adcd8d0039ed1f447a7a314c34
Маркетолог,https://hh.ru/resume/1104ec9f00057fda2e0039ed1f756d7a6a6655
Маркетолог,https://hh.ru/resume/c1721b6700003ed21c0039ed1f736563726574
Маркетолог,https://hh.ru/resume/762b643a00068f40140039ed1f6a78696e5132
Маркетолог,https://hh.ru/resume/f33969240004f266ac0039ed1f6e493053634d
Маркетолог,https://hh.ru/resume/d2a30dc200009bcc720039ed1f736563726574
Маркетолог,https://hh.ru/resume/7244a44100043d5eb80039ed1f6e54337a614c
Маркетолог,https://hh.ru/resume/0416e04b00029a26d80039ed1f4c7a4f6c4b57
Маркетолог,https://hh.ru/resume/e925f4b000011d31c30039ed1f733151726273
Маркетолог,https://hh.ru/resume/35ff55a60000aed7250039ed1f736563726574
Маркетолог,https://hh.ru/resume/ca3dcafa0002afd5040039ed1f303938697763
Маркетолог,https://hh.ru/resume/8af6cfec0003a260a00039ed1f6d5734433250
Маркетолог,https://hh.ru/resume/fb91f8ac0007e4b57d0039ed1f4a7677776263
Маркетолог,https://hh.ru/resume/2082699f0003108eb10039ed1f794471754871
Маркетолог,https://hh.ru/resume/df28503600000c96580039ed1f736563726574
Маркетолог,https://hh.ru/resume/14a6ab760000f3ec8a0039ed1f6b5674427857
Маркетолог,https://hh.ru/resume/39e34e9600084ff9eb0039ed1f776e4a576856
Маркетолог,https://hh.ru/resume/3378178a0001957e6e0039ed1f3534454a6476
Маркетолог,https://hh.ru/resume/46281e1000022c7a620039ed1f686f4f633245
Маркетолог,https://hh.ru/resume/9a4a8bf1000694046f0039ed1f3753716e5639
Маркетолог,https://hh.ru/resume/1bfb62430003a2526a0039ed1f4e6271757961
Маркетолог,https://hh.ru/resume/4352b3b800029e5cc40039ed1f5767747a7250
Маркетолог,https://hh.ru/resume/d8568b0b0005a4c8100039ed1f496232724274
Маркетолог,https://hh.ru/resume/c354b1a8000094248f0039ed1f736563726574
Маркетолог,https://hh.ru/resume/89e4ff2f00019bb70e0039ed1f474f46357150
Маркетолог,https://hh.ru/resume/93e844d200002412040039ed1f736563726574
Маркетолог,https://hh.ru/resume/34acf1f40002dda1140039ed1f3574496f4233
Маркетолог,https://hh.ru/resume/3275dd8b0008566d190039ed1f4c46736b4530
Маркетолог,https://hh.ru/resume/53e97c960007fdb75f0039ed1f62394b717a30
Маркетолог,https://hh.ru/resume/7428ef8e00040cab2c0039ed1f393870583764
Маркетолог,https://hh.ru/resume/4fd485bc0004ec60170039ed1f456c5a786e5a
Маркетолог,https://hh.ru/resume/256ee56100092ef0440039ed1f366f42735547
Маркетолог,https://hh.ru/resume/efc8483a0000b89be80039ed1f736563726574
Маркетолог,https://hh.ru/resume/af096f14000190f6170039ed1f6b5849433151
Маркетолог,https://hh.ru/resume/0876fc8500019286b60039ed1f5a30454e4457
Маркетолог,https://hh.ru/resume/d9d1a9fb000488ca030039ed1f47776f463556
Маркетолог,https://hh.ru/resume/19a7fd9e00082096470039ed1f4c7a33353761
Маркетолог,https://hh.ru/resume/9f2582ea000815e97f0039ed1f4f3931636479
Маркетолог,https://hh.ru/resume/9d753e4f00072aa6490039ed1f33786f4f4734
Маркетолог,https://hh.ru/resume/e756e836000256b3ef0039ed1f4c6743644152
Маркетолог,https://hh.ru/resume/7abb40f1000264448c0039ed1f505579436871
Маркетолог,https://hh.ru/resume/dd42410f00034be3e30039ed1f4b6a5a377245
Маркетолог,https://hh.ru/resume/752396d00002e5019a0039ed1f6d627a597150
Маркетолог,https://hh.ru/resume/23701e520006fa9e3b0039ed1f53746b484f77
Маркетолог,https://hh.ru/resume/31b76a7200042308a30039ed1f337866435847
Маркетолог,https://hh.ru/resume/a3f6dfae00029236df0039ed1f4e6d5235726c
Маркетолог,https://hh.ru/resume/4c9e2e8300072da0360039ed1f515a5739766d
Маркетолог,https://hh.ru/resume/87826f890003e170110039ed1f37714f30534c
Маркетолог,https://hh.ru/resume/e0f0a568000581c6af0039ed1f4d6366344351
Маркетолог,https://hh.ru/resume/c82b8fad0008a6c4610039ed1f69557a6c7467
Маркетолог,https://hh.ru/resume/f62254c60008f3f7a60039ed1f6f5774414c76
Маркетолог,https://hh.ru/resume/5610794f0001e673a30039ed1f4e4249745957
Маркетолог,https://hh.ru/resume/ac9eca4500045bef6d0039ed1f503158634d4c
Маркетолог,https://hh.ru/resume/a74d4703000655e9450039ed1f344d67486a36
Маркетолог,https://hh.ru/resume/2ab3adf400027630db0039ed1f7366516a615a
Маркетолог,https://hh.ru/resume/a16138130001ac3b850039ed1f67596e6d6e34
Маркетолог,https://hh.ru/resume/0eb2ef0e000172c1f30039ed1f687136387a64
Маркетолог,https://hh.ru/resume/5eb22c6300012cb0120039ed1f4e7233364535
Маркетолог,https://hh.ru/resume/e090bee80005c46a0c0039ed1f7a6770375245
Маркетолог,https://hh.ru/resume/2124573a000371a6860039ed1f397a746e4435
Маркетолог,https://hh.ru/resume/21f7fd8b00025711750039ed1f34613139554c
Маркетолог,https://hh.ru/resume/c4ccc0390001e6fcd60039ed1f326772686951
Маркетолог,https://hh.ru/resume/a5a96e2c00092626850039ed1f43494f4a694e
Маркетолог,https://hh.ru/resume/e3a00474000085631d0039ed1f736563726574
Маркетолог,https://hh.ru/resume/1ca3dfb70008d447f20039ed1f434f58534538
Маркетолог,https://hh.ru/resume/620bbc540005c55ba20039ed1f62525a526965
Маркетолог,https://hh.ru/resume/42265f1d00022340b60039ed1f6d7157766831
Маркетолог,https://hh.ru/resume/ab976eb9000078c49b0039ed1f736563726574
Маркетолог,https://hh.ru/resume/e09ad3070007127c170039ed1f306338506263
Маркетолог,https://hh.ru/resume/dcb0325b0001178a200039ed1f34685a70504a
Маркетолог,https://hh.ru/resume/fea3a67a0005d968430039ed1f52576b304e49
Маркетолог,https://hh.ru/resume/026abe980003bb86060039ed1f46574e39456f
Маркетолог,https://hh.ru/resume/9a755d3f0000d6e89c0039ed1f516331303355
Маркетолог,https://hh.ru/resume/7fdfd7ee0000014eb80039ed1f736563726574
Маркетолог,https://hh.ru/resume/febe8cb60001e2c6460039ed1f72466b466b35
Маркетолог,https://hh.ru/resume/2bb04ae800056468af0039ed1f6d3839714879
Маркетолог,https://hh.ru/resume/805fd6ae000090462a0039ed1f736563726574
Маркетолог,https://hh.ru/resume/97e7b73b0000ca166c0039ed1f757034364551
Маркетолог,https://hh.ru/resume/d52141210003b45afe0039ed1f343048424b75
Маркетолог,https://hh.ru/resume/98d178bd00013c33910039ed1f776e5a555a4f
Маркетолог,https://hh.ru/resume/0e52cfcf00036b25080039ed1f777834426964
Маркетолог,https://hh.ru/resume/d06fad660009298b310039ed1f395932467546
Маркетолог,https://hh.ru/resume/0c744609000096f95f0039ed1f736563726574
Маркетолог,https://hh.ru/resume/4b11de640001db578c0039ed1f78577a557839
Маркетолог,https://hh.ru/resume/636278650008c4e0cb0039ed1f656667427247
Маркетолог,https://hh.ru/resume/d8578f5f00032bb7100039ed1f4467776e7555
Маркетолог,https://hh.ru/resume/b370f42700082586110039ed1f50414f547867
Маркетолог,https://hh.ru/resume/565e197800026f43120039ed1f58594d45346d
Маркетолог,https://hh.ru/resume/a8ee5eef000379c46e0039ed1f7a7778625631
Маркетолог,https://hh.ru/resume/061171e70003312b050039ed1f4c424a677943
Маркетолог,https://hh.ru/resume/4c1d481b000528aad70039ed1f4a587a4d5134
Маркетолог,https://hh.ru/resume/457ed6ae0007f064db0039ed1f50344b354e44
Маркетолог,https://hh.ru/resume/29c1f4c0000710a7780039ed1f694e4f38554c
Маркетолог,https://hh.ru/resume/2a811581000010e64f0039ed1f736563726574
Маркетолог,https://hh.ru/resume/fe7b91a800014c1bb20039ed1f754174514a67
Маркетолог,https://hh.ru/resume/6ea56fed000329f6ab0039ed1f397a72444669
Маркетолог,https://hh.ru/resume/1cf2597d00075587460039ed1f6f5951306e69
Маркетолог,https://hh.ru/resume/4eaa60a200035f0e520039ed1f4d4d42414b75
Маркетолог,https://hh.ru/resume/e1192ff30004ee54110039ed1f667a70527539
Маркетолог,https://hh.ru/resume/9c142e30000075d3440039ed1f736563726574
Маркетолог,https://hh.ru/resume/f7055044000897df190039ed1f41394b414773
Маркетолог,https://hh.ru/resume/8f9ee7ec00000683c90039ed1f736563726574
Маркетолог,https://hh.ru/resume/cb4c6226000289e5a30039ed1f4d6c6432374c
Маркетолог,https://hh.ru/resume/6ab8f20f000355d8450039ed1f324734767165
Маркетолог,https://hh.ru/resume/a2472c03000025a9c10039ed1f736563726574
Маркетолог,https://hh.ru/resume/9b72f85300038acb3e0039ed1f5769634f554e
Маркетолог,https://hh.ru/resume/fb95066f00033ce6cb0039ed1f38723751334b
Маркетолог,https://hh.ru/resume/8e5221e70007cce04f0039ed1f74646f4c515a
Маркетолог,https://hh.ru/resume/6443a8420007c8f5ed0039ed1f74526a6b6c41
Маркетолог,https://hh.ru/resume/faa3481c00077fb9c80039ed1f506b62543939
Маркетолог,https://hh.ru/resume/6a209276000009daa90039ed1f736563726574
Маркетолог,https://hh.ru/resume/62d972be000134a9180039ed1f6d4b696c6837
Маркетолог,https://hh.ru/resume/2d29347b0001185cda0039ed1f415336446d45
Маркетолог,https://hh.ru/resume/153a01330008a10b210039ed1f6d4c796e426d
Маркетолог,https://hh.ru/resume/adf79e380006a603140039ed1f5a456c777654
Маркетолог,https://hh.ru/resume/53ba1a8a0001e04f440039ed1f6e6c544a5844
Маркетолог,https://hh.ru/resume/57a2be8e0002bb055e0039ed1f7532434d3441
Маркетолог,https://hh.ru/resume/a2a1095e00026c55100039ed1f4d4a68627065
Маркетолог,https://hh.ru/resume/beb81da00005882d610039ed1f676c63653233
Маркетолог,https://hh.ru/resume/1c0b55ae00074a961a0039ed1f725a7767766b
Маркетолог,https://hh.ru/resume/9563dd0d0008d540540039ed1f70696a526479
Маркетолог,https://hh.ru/resume/5eeabb9a0004ba2b630039ed1f6f64306b6554
Маркетолог,https://hh.ru/resume/05bd69db000501b5e90039ed1f4d5538357448
Маркетолог,https://hh.ru/resume/d7660d390007bb7ed20039ed1f587034305032
Маркетолог,https://hh.ru/resume/56a49646000896391b0039ed1f49364b307066
Маркетолог,https://hh.ru/resume/c373cc230005b962a00039ed1f666e4c323775
Маркетолог,https://hh.ru/resume/d101bb0f0007e925be0039ed1f36614b473666
Маркетолог,https://hh.ru/resume/3acc985100046cb4750039ed1f6f4468696b38
Маркетолог,https://hh.ru/resume/65e1d2f60000813f440039ed1f736563726574
Маркетолог,https://hh.ru/resume/d7b14cae00027728170039ed1f386946734e41
Маркетолог,https://hh.ru/resume/f5402e5700077a02f40039ed1f575776527251
Маркетолог,https://hh.ru/resume/727d678a00061682ae0039ed1f6775594e6c43
Маркетолог,https://hh.ru/resume/f75434ba00075417070039ed1f7a6179317458
Маркетолог,https://hh.ru/resume/beee568200031c69830039ed1f574371674c43
Маркетолог,https://hh.ru/resume/a335270800083238a60039ed1f677843566e71
Маркетолог,https://hh.ru/resume/68b76e5e000729d1980039ed1f36445a32634c
Маркетолог,https://hh.ru/resume/ea4e606900033135c80039ed1f413862656377
Маркетолог,https://hh.ru/resume/f129a05a000066f2cf0039ed1f736563726574
Маркетолог,https://hh.ru/resume/313948df00018113f60039ed1f37774f737248
Маркетолог,https://hh.ru/resume/922f0da00005b2bf800039ed1f4b6949745631
Маркетолог,https://hh.ru/resume/5d61fb1800008290ba0039ed1f736563726574
Маркетолог,https://hh.ru/resume/c6c39e0100039695900039ed1f303839667063
Маркетолог,https://hh.ru/resume/6aae8eec0006651e5d0039ed1f417064656335
Маркетолог,https://hh.ru/resume/2aeba7510001e545a30039ed1f783248647338
Маркетолог,https://hh.ru/resume/27c7ce0b0000a5a33f0039ed1f736563726574
Маркетолог,https://hh.ru/resume/6d406f420007f600de0039ed1f6e4b6f4e3032
Маркетолог,https://hh.ru/resume/efd662a000034c11bf0039ed1f797837777330
Маркетолог,https://hh.ru/resume/150dabea000379d36e0039ed1f6a4a30614b69
Маркетолог,https://hh.ru/resume/d5f7c9b60000f8b5b60039ed1f695277346f45
Маркетолог,https://hh.ru/resume/c2a3b58b00045dc3cd0039ed1f436269584e4f
Маркетолог,https://hh.ru/resume/5922a27b0000f1b5870039ed1f4f3263797941
Маркетолог,https://hh.ru/resume/aed714cb00030e4f0f0039ed1f495676587775
Маркетолог,https://hh.ru/resume/25f888b800032c599e0039ed1f433968466634
Маркетолог,https://hh.ru/resume/c77d7c9f0004ccf6fd0039ed1f524f74366369
Маркетолог,https://hh.ru/resume/d0b7f20900024a049e0039ed1f4578354b444c
Маркетолог,https://hh.ru/resume/c6d8dbe50003dc5ad20039ed1f6a58396c4a47
Маркетолог,https://hh.ru/resume/ea5675be0005a4e5930039ed1f754879675832
Маркетолог,https://hh.ru/resume/b6ffbf670000e0de2c0039ed1f5a6f70737546
Маркетолог,https://hh.ru/resume/37789fe100090a1af30039ed1f495979734d78
Маркетолог,https://hh.ru/resume/3e9309e300056847470039ed1f77584e743149
Маркетолог,https://hh.ru/resume/df2e41970002bd01e30039ed1f62634c327162
Маркетолог,https://hh.ru/resume/7e78a9fd00025760c70039ed1f4b7354674a74
Маркетолог,https://hh.ru/resume/0de5adbc0005da94000039ed1f396d7347414b
Маркетолог,https://hh.ru/resume/42bf4ba300001d1fe20039ed1f736563726574
Маркетолог,https://hh.ru/resume/8f1427e90002f7d5740039ed1f66645470696f
Маркетолог,https://hh.ru/resume/b63a485f0005579e750039ed1f45584b633351
Маркетолог,https://hh.ru/resume/5b834b9c000067a91b0039ed1f736563726574
Маркетолог,https://hh.ru/resume/f4c8158c00016aa6fb0039ed1f6b736c454343
Маркетолог,https://hh.ru/resume/969a4ef60005e378710039ed1f4d637a4b3437
Маркетолог,https://hh.ru/resume/4f76e8910000a338160039ed1f736563726574
Маркетолог,https://hh.ru/resume/6ccf7c300002787a990039ed1f486a6e456a51
Маркетолог,https://hh.ru/resume/3ba4637800078591d00039ed1f42306d475651
Маркетолог,https://hh.ru/resume/e1cb953400084f696a0039ed1f493545735572
Маркетолог,https://hh.ru/resume/0e6f6b6d00023ad7b10039ed1f59566c68624f
Маркетолог,https://hh.ru/resume/64fe28e60002985c250039ed1f777169314464
Маркетолог,https://hh.ru/resume/8d66ae5a00088d21810039ed1f554e38784236
Маркетолог,https://hh.ru/resume/eb7b30a40001b5205f0039ed1f6c6f4b457135
Маркетолог,https://hh.ru/resume/83b6ab7b000826d7190039ed1f373275354475
Маркетолог,https://hh.ru/resume/d4b852480007315ea10039ed1f667a5979365a
Маркетолог,https://hh.ru/resume/6193337d00001171600039ed1f736563726574
Маркетолог,https://hh.ru/resume/a4ebc246000576ca150039ed1f6654624b5a4f
Маркетолог,https://hh.ru/resume/99666955000819a5560039ed1f677a56654262
Маркетолог,https://hh.ru/resume/552ce07b00011b6eca0039ed1f4d6337717947
Маркетолог,https://hh.ru/resume/641b87c00007d1f1480039ed1f4e334c46786d
Маркетолог,https://hh.ru/resume/489caf14000872c80a0039ed1f7847515a666a
Маркетолог,https://hh.ru/resume/75cabc2f0003600fa30039ed1f784e376d6e57
Маркетолог,https://hh.ru/resume/c0d6616c0007aa0c3e0039ed1f4937307a7361
Маркетолог,https://hh.ru/resume/88f4379400078f13ff0039ed1f553143733750
Маркетолог,https://hh.ru/resume/8ff2fad800003413cc0039ed1f736563726574
Маркетолог,https://hh.ru/resume/791a27350006b767dc0039ed1f7a6338615877
Маркетолог,https://hh.ru/resume/883213ae000232f55a0039ed1f337a354c6353
Маркетолог,https://hh.ru/resume/0be758ae0002cdb0eb0039ed1f4b427563716b
Маркетолог,https://hh.ru/resume/8bb74bb900010c57e60039ed1f766b6b314674
Маркетолог,https://hh.ru/resume/c3d94a9800082605200039ed1f44384867497a
Маркетолог,https://hh.ru/resume/ca2c6e860005e03f910039ed1f76316f373548
Маркетолог,https://hh.ru/resume/e9ac032d00006bacbe0039ed1f736563726574
Маркетолог,https://hh.ru/resume/47df3aa6000088ba870039ed1f736563726574
Маркетолог,https://hh.ru/resume/66bc924e00058b47e00039ed1f4e7030687041
Маркетолог,https://hh.ru/resume/889162660000c599dd0039ed1f5a545573616f
Маркетолог,https://hh.ru/resume/011ace5d00061dbb980039ed1f49687969524b
Маркетолог,https://hh.ru/resume/d616843d000214bf150039ed1f647046587167
Маркетолог,https://hh.ru/resume/4eab1bb40002245d0b0039ed1f326854317179
Маркетолог,https://hh.ru/resume/5f183b8000043a35650039ed1f474c70676270
Маркетолог,https://hh.ru/resume/7d162ba60007cc8e770039ed1f68546f736430
Маркетолог,https://hh.ru/resume/3dcd9625000736a4c90039ed1f4b69374c365a
Маркетолог,https://hh.ru/resume/c2fee5680005f5fd810039ed1f6f446c4f6738
Маркетолог,https://hh.ru/resume/a904988600064bad990039ed1f30663942784a
Маркетолог,https://hh.ru/resume/add9b0340007d61a5b0039ed1f784b53416d61
Маркетолог,https://hh.ru/resume/3b75844f0000e2684f0039ed1f616731413244
Маркетолог,https://hh.ru/resume/19ddba060008453ff60039ed1f374a4357414b
Маркетолог,https://hh.ru/resume/1a38fedb00063750bb0039ed1f594a56514d6e
Маркетолог,https://hh.ru/resume/8a84055500027c20f90039ed1f744e58364971
Маркетолог,https://hh.ru/resume/11b0eed90008ba3dbb0039ed1f4c416f773057
Маркетолог,https://hh.ru/resume/b33698700004efbe740039ed1f726e5a4c4b77
Маркетолог,https://hh.ru/resume/dfce05f5000827baf20039ed1f476343574f62
Маркетолог,https://hh.ru/resume/1734597400083a15e90039ed1f626576334957
Маркетолог,https://hh.ru/resume/fc8d6b2b00032beb3f0039ed1f4c6573444343
Маркетолог,https://hh.ru/resume/2844f35a0000ab37f90039ed1f736563726574
Маркетолог,https://hh.ru/resume/71f6fa5a0002bcb8210039ed1f497a666d4431
Маркетолог,https://hh.ru/resume/78d2d179000226cb8a0039ed1f3061536e4664
Маркетолог,https://hh.ru/resume/2897ad5000079d76920039ed1f6757444e3965
Маркетолог,https://hh.ru/resume/9a39c41200022a8b2b0039ed1f5867394c3851
Маркетолог,https://hh.ru/resume/425856fe0000a462df0039ed1f736563726574
Маркетолог,https://hh.ru/resume/2c4bedf1000375cc4a0039ed1f6778556a5342
Маркетолог,https://hh.ru/resume/db9ca5b00003c52d7a0039ed1f71544148696e
Маркетолог,https://hh.ru/resume/6d06470f000006820b0039ed1f736563726574
Маркетолог,https://hh.ru/resume/ad6b64240003d2113c0039ed1f35515650696a
Маркетолог,https://hh.ru/resume/59febf5100070ff9ac0039ed1f58444a466464
Маркетолог,https://hh.ru/resume/c99a972f000398e6ba0039ed1f544349346637
Маркетолог,https://hh.ru/resume/0f5a15470008f4ad430039ed1f383068507045
Маркетолог,https://hh.ru/resume/0c4d7de000001fbfab0039ed1f736563726574
Маркетолог,https://hh.ru/resume/fe41208100061657590039ed1f776a65764c69
Маркетолог,https://hh.ru/resume/3e70d0b100050b9a050039ed1f367061585a76
Маркетолог,https://hh.ru/resume/ccc8581b0002ee56cb0039ed1f727143525575
Маркетолог,https://hh.ru/resume/e8e958f0000453edc10039ed1f41744f775833
Маркетолог,https://hh.ru/resume/ad98f1a700027679cb0039ed1f757235513353
Маркетолог,https://hh.ru/resume/014da1ec0008057e410039ed1f72556e455031
Маркетолог,https://hh.ru/resume/ecbf9bba00051d476c0039ed1f6d766e556443
Маркетолог,https://hh.ru/resume/b2b6e1630007f6908c0039ed1f796e39764676
Системный администратор,https://hh.ru/resume/c2d4af420000249aa80039ed1f736563726574
Системный администратор,https://hh.ru/resume/db5e6afc0008e7a1730039ed1f46374264386e
Системный администратор,https://hh.ru/resume/55eb32400002653c830039ed1f4c7a67656c79
Системный администратор,https://hh.ru/resume/2e2ca4e6000604cf510039ed1f68387650474c
Системный администратор,https://hh.ru/resume/75121359000178d9de0039ed1f7a524b50674f
Системный администратор,https://hh.ru/resume/17310da00002c376f20039ed1f687a4f577161
Системный администратор,https://hh.ru/resume/0bab5f980002cfe9620039ed1f634f5a677446
Системный администратор,https://hh.ru/resume/68d391df000648911a0039ed1f6e586c5a3853
Системный администратор,https://hh.ru/resume/15a1053300024cc07b0039ed1f457746466943
Системный администратор,https://hh.ru/resume/8d927cd1000211f7f10039ed1f446958687549
Системный администратор,https://hh.ru/resume/b5977dd80008f7829a0039ed1f476379763870
Системный администратор,https://hh.ru/resume/b89094530001782f1d0039ed1f677964696264
Системный администратор,https://hh.ru/resume/f2cdf4b70001e56fdf0039ed1f7452755a4571
Системный администратор,https://hh.ru/resume/508c67ce000378231e0039ed1f667770465758
Системный администратор,https://hh.ru/resume/04805b1b000874ead70039ed1f6e534c354b67
Системный администратор,https://hh.ru/resume/b73396130002d7be1c0039ed1f395a6a726861
Системный администратор,https://hh.ru/resume/4fc0d11b00027956320039ed1f377253567432
Системный администратор,https://hh.ru/resume/53726bd80006a199d20039ed1f427178595177
Системный администратор,https://hh.ru/resume/1638995800021732eb0039ed1f64505637574f
Системный администратор,https://hh.ru/resume/3219bec900021a90cc0039ed1f39514f355448
Системный администратор,https://hh.ru/resume/4b2b6dd40002b12c6e0039ed1f4f6d6434764c
Системный администратор,https://hh.ru/resume/3c3a3a5d0003626df30039ed1f367368497466
Системный администратор,https://hh.ru/resume/b82691de0002be91000039ed1f44594270396e
Системный администратор,https://hh.ru/resume/6933c31600022925320039ed1f4e4a4a646c43
Системный администратор,https://hh.ru/resume/44787a350001a500d40039ed1f307472414437
Системный администратор,https://hh.ru/resume/16ea590b0004c3c7e40039ed1f625a53436859
Системный администратор,https://hh.ru/resume/8923482a0000a02d000039ed1f736563726574
Системный администратор,https://hh.ru/resume/9333522400036c38930039ed1f3761764b6771
Системный администратор,https://hh.ru/resume/4edb2f4e00016a61870039ed1f33483539574a
Системный администратор,https://hh.ru/resume/7f58a6c2000225e6600039ed1f6a464736346b
Системный администратор,https://hh.ru/resume/b612702600031b93470039ed1f6871776d4f64
Системный администратор,https://hh.ru/resume/18e52b5900088b93f80039ed1f4b3170685973
Системный администратор,https://hh.ru/resume/5986e743000183c8e20039ed1f42384e575566
Системный администратор,https://hh.ru/resume/896cb08300022e45050039ed1f7030564f3077
Системный администратор,https://hh.ru/resume/26da009000028fc9110039ed1f3873694c4168
Системный администратор,https://hh.ru/resume/3ee256ba0002cb595d0039ed1f52485758506a
Системный администратор,https://hh.ru/resume/bdef15de00003a4d960039ed1f736563726574
Системный администратор,https://hh.ru/resume/829eb84900001892d20039ed1f736563726574
Системный администратор,https://hh.ru/resume/bf9426f800078183d80039ed1f7569516a6662
Системный администратор,https://hh.ru/resume/a9bce9e6000095f2510039ed1f736563726574
Системный администратор,https://hh.ru/resume/c8b33d2b000195ce5b0039ed1f30426e64454c
Системный администратор,https://hh.ru/resume/aeb726290001c2864a0039ed1f547030305175
Системный администратор,https://hh.ru/resume/e13b1b880008484a620039ed1f384c36367859
Системный администратор,https://hh.ru/resume/4f70ad0100007230db0039ed1f736563726574
Системный администратор,https://hh.ru/resume/ace0e30e0003f4a6290039ed1f325530587379
Системный администратор,https://hh.ru/resume/c53e98d400067536710039ed1f3174464e5557
Системный администратор,https://hh.ru/resume/6c4da92700081621c60039ed1f62374e4d6775
Системный администратор,https://hh.ru/resume/18ec9dbc00091de81d0039ed1f446d5a625433
Системный администратор,https://hh.ru/resume/f60f7b320002c249800039ed1f58526e494851
Системный администратор,https://hh.ru/resume/33446a0a00042189ec0039ed1f4e3767774a61
Системный администратор,https://hh.ru/resume/0dcfe326000732a4990039ed1f797263635466
Системный администратор,https://hh.ru/resume/26d5bfd5000752a1920039ed1f43773255346d
Системный администратор,https://hh.ru/resume/18b56f1500003eb15f0039ed1f736563726574
Системный администратор,https://hh.ru/resume/b6d2b51f0000dcfe490039ed1f655962675858
Системный администратор,https://hh.ru/resume/a2efa3e400000162cd0039ed1f736563726574
Системный администратор,https://hh.ru/resume/cc82e37d0003b6e1770039ed1f4779636a5159
Системный администратор,https://hh.ru/resume/b59929600002bbf36d0039ed1f635041625250
Системный администратор,https://hh.ru/resume/c3fb62d800008f71320039ed1f736563726574
Системный администратор,https://hh.ru/resume/e16575e900033923d10039ed1f6f7a74576a52
Системный администратор,https://hh.ru/resume/996270680002cd94aa0039ed1f684b68415356
Системный администратор,https://hh.ru/resume/bf09cd0a00034494610039ed1f6b38794e7646
Системный администратор,https://hh.ru/resume/89b37d6a00001fae310039ed1f736563726574
Системный администратор,https://hh.ru/resume/4bef7b170004521caa0039ed1f724f4c527865
Системный администратор,https://hh.ru/resume/9b4fdf6300078c38590039ed1f3630316c4d59
Системный администратор,https://hh.ru/resume/ab4828dd000122d9090039ed1f345537307958
Системный администратор,https://hh.ru/resume/5ddb3ed90003270d530039ed1f455a69516e6c
Системный администратор,https://hh.ru/resume/9049c9040001c96c060039ed1f7957766a484c
Системный администратор,https://hh.ru/resume/d81e52b800074a2c1f0039ed1f49734b535a57
Системный администратор,https://hh.ru/resume/3dd87174000081bbc30039ed1f736563726574
Системный администратор,https://hh.ru/resume/70612ace0005d489bc0039ed1f30765a744d36
Системный администратор,https://hh.ru/resume/8bfd3a890004331c970039ed1f74446f306645
Системный администратор,https://hh.ru/resume/6a428165000153520d0039ed1f59654746367a
Системный администратор,https://hh.ru/resume/63759bc300037230a50039ed1f787a54713767
Системный администратор,https://hh.ru/resume/008974e200014550970039ed1f4a47427a766a
Системный администратор,https://hh.ru/resume/931444ce0005a3c97c0039ed1f426c494b4a79
Системный администратор,https://hh.ru/resume/d175ffb300006dc4980039ed1f736563726574
Системный администратор,https://hh.ru/resume/1832fa410007c6bf870039ed1f314e6b314249
Системный администратор,https://hh.ru/resume/a76cbcf100042601530039ed1f4b5a42627459
Системный администратор,https://hh.ru/resume/efa44cff0005742dd50039ed1f506f6e654a68
Системный администратор,https://hh.ru/resume/4f0f518300000728690039ed1f736563726574
Системный администратор,https://hh.ru/resume/a47b517200009f24bf0039ed1f736563726574
Системный администратор,https://hh.ru/resume/f06ec6560001b6ee2c0039ed1f48796b6d5a68
Системный администратор,https://hh.ru/resume/059ae437000868b9fc0039ed1f745868495570
Системный администратор,https://hh.ru/resume/1efcf16f0002c6b3f20039ed1f766152467836
Системный администратор,https://hh.ru/resume/db11f6450004eabef20039ed1f4b5761597056
Системный администратор,https://hh.ru/resume/bedc4b680003fb7d070039ed1f4f4d30474341
Системный администратор,https://hh.ru/resume/e1ee2058000544ccdf0039ed1f457830333650
Системный администратор,https://hh.ru/resume/136a280900045320630039ed1f6d6a6f4d3172
Системный администратор,https://hh.ru/resume/b61b1d780004f6ee2c0039ed1f7766456d646c
Системный администратор,https://hh.ru/resume/7b6723fa00022921a80039ed1f7a6670537377
Системный администратор,https://hh.ru/resume/124526df00016af7d70039ed1f423463737471
Системный администратор,https://hh.ru/resume/a9995b9600017a421f0039ed1f67316353777a
Системный администратор,https://hh.ru/resume/67a374e800076dc1fc0039ed1f4a6f4b6f3956
Системный администратор,https://hh.ru/resume/38e4e41500029e4ab20039ed1f30736b446d37
Системный администратор,https://hh.ru/resume/d9017f0b00036d2ed60039ed1f37695058645a
Системный администратор,https://hh.ru/resume/2563197c000379f3090039ed1f794733723852
Системный администратор,https://hh.ru/resume/d55ab1680007ecf2820039ed1f583238644f39
Системный администратор,https://hh.ru/resume/3f8559c900055456660039ed1f455958316847
Системный администратор,https://hh.ru/resume/f4d9157500070772270039ed1f706257697859
Системный администратор,https://hh.ru/resume/e8ddfea500047960a60039ed1f377456366b65
Системный администратор,https://hh.ru/resume/9b6d063000016444900039ed1f3156776d4c57
Системный администратор,https://hh.ru/resume/26ea45b30000803b4a0039ed1f736563726574
Системный администратор,https://hh.ru/resume/4d6b31ed0001c3ec350039ed1f5a6a79485569
Системный администратор,https://hh.ru/resume/f5eec7e7000238ca8c0039ed1f437679474b4b
Системный администратор,https://hh.ru/resume/f4367fd00008cc6a710039ed1f6877465a7062
Системный администратор,https://hh.ru/resume/269b371f0001701edc0039ed1f4a4c50426c59
Системный администратор,https://hh.ru/resume/0a15de400000f454060039ed1f615838535047
Системный администратор,https://hh.ru/resume/1303a50e0008b775840039ed1f316b69786a38
Системный администратор,https://hh.ru/resume/8aad90b200040b7cea0039ed1f544452307957
Системный администратор,https://hh.ru/resume/5f86d75800007369f30039ed1f736563726574
Системный администратор,https://hh.ru/resume/1bdab43a00006865510039ed1f736563726574
Системный администратор,https://hh.ru/resume/15245ca20000079c520039ed1f736563726574
Системный администратор,https://hh.ru/resume/fc31a20100000db3710039ed1f736563726574
Системный администратор,https://hh.ru/resume/51c0517b0003f1c2ef0039ed1f4966694e5772
Системный администратор,https://hh.ru/resume/9869edec00088949550039ed1f5a5372725644
Системный администратор,https://hh.ru/resume/b7c01f14000143bef90039ed1f7271535a4f34
Системный администратор,https://hh.ru/resume/b78e9dce0002652d8a0039ed1f656456334374
Системный администратор,https://hh.ru/resume/df13a8a9000009c4990039ed1f736563726574
Системный администратор,https://hh.ru/resume/0d03ebf300014fa4e50039ed1f716166556334
Системный администратор,https://hh.ru/resume/d738d76f00034b60540039ed1f686a6376754d
Системный администратор,https://hh.ru/resume/9ef3d74700007b1bd70039ed1f736563726574
Системный администратор,https://hh.ru/resume/c363b96b0001bf23ae0039ed1f48696b485267
Системный администратор,https://hh.ru/resume/eeb0e8ed0001db2c800039ed1f504d5367584d
Системный администратор,https://hh.ru/resume/072cc6230003da415c0039ed1f637457544f38
Системный администратор,https://hh.ru/resume/547a6ecc0000d88ff30039ed1f434f306e6f67
Системный администратор,https://hh.ru/resume/842886a60000b7dbcf0039ed1f736563726574
Системный администратор,https://hh.ru/resume/bf0d618400022a88c00039ed1f5666556a5677
Системный администратор,https://hh.ru/resume/1b2e90b700022238090039ed1f715839706570
Системный администратор,https://hh.ru/resume/16f5607c000855c5070039ed1f414c456f6432
Системный администратор,https://hh.ru/resume/58da24e600000f336b0039ed1f736563726574
Системный администратор,https://hh.ru/resume/317f6d6b00012aa33d0039ed1f795931596342
Системный администратор,https://hh.ru/resume/82a54c4500078ce8c10039ed1f615166784447
Системный администратор,https://hh.ru/resume/440b453b0004d991d70039ed1f4d4546566c54
Системный администратор,https://hh.ru/resume/4326ac0f00075d30030039ed1f76786b713252
Системный администратор,https://hh.ru/resume/53a44f750001053ed00039ed1f6877686b4553
Системный администратор,https://hh.ru/resume/4f12905c0004455e3c0039ed1f626765746647
Системный администратор,https://hh.ru/resume/c1d863650001fdfbb60039ed1f674c65634b72
Системный администратор,https://hh.ru/resume/e8e1c51800034ee9090039ed1f46755552544d
Системный администратор,https://hh.ru/resume/b86debf500015b4c770039ed1f535561413944
Системный администратор,https://hh.ru/resume/3331704f00051d40f30039ed1f537133516c4b
Системный администратор,https://hh.ru/resume/72bd864700010b2a190039ed1f6236526b5459
Системный администратор,https://hh.ru/resume/312e07390000f3b3f20039ed1f4e7175564542
Системный администратор,https://hh.ru/resume/1957efe80003ad1abb0039ed1f6e464a39704d
Системный администратор,https://hh.ru/resume/d3ffc54800034072c90039ed1f69796e637932
Системный администратор,https://hh.ru/resume/e5c1d18f00007a6ad40039ed1f736563726574
Системный администратор,https://hh.ru/resume/71df846d0000e114920039ed1f377a717a5462
Системный администратор,https://hh.ru/resume/46e0d14d000250df9b0039ed1f6c616f4f3132
Системный администратор,https://hh.ru/resume/6b86da4100059340700039ed1f376247427636
Системный администратор,https://hh.ru/resume/b2f081fe000129ed580039ed1f79784c4d566f
Системный администратор,https://hh.ru/resume/59b118a40001308cb40039ed1f4b494c7a7478
Системный администратор,https://hh.ru/resume/1208d32300075767f20039ed1f59366a305235
Системный администратор,https://hh.ru/resume/eec00eeb0000db2cff0039ed1f677067745134
Системный администратор,https://hh.ru/resume/622f2e6b0008ecc3a60039ed1f6c7761513879
Системный администратор,https://hh.ru/resume/a72be2260000904a6f0039ed1f736563726574
Системный администратор,https://hh.ru/resume/026a44f20001f523b50039ed1f41326b5a725a
Системный администратор,https://hh.ru/resume/e2624b2800038624be0039ed1f6a4146727439
Системный администратор,https://hh.ru/resume/ab7c604500071b6dc00039ed1f484551475554
Системный администратор,https://hh.ru/resume/d2f447dc0003f674870039ed1f7459354e7737
Системный администратор,https://hh.ru/resume/fe748dd2000617326a0039ed1f415048556d6f
Системный администратор,https://hh.ru/resume/10cfdaf000047fbf5a0039ed1f356730587845
Системный администратор,https://hh.ru/resume/0b5758b900034737a20039ed1f53506375484d
Системный администратор,https://hh.ru/resume/12f06fc30001f6cf5d0039ed1f676d72637239
Системный администратор,https://hh.ru/resume/9c54c89500072dcdd30039ed1f645236364b62
Системный администратор,https://hh.ru/resume/12a8f33d0005e509170039ed1f5344716a434c
Системный администратор,https://hh.ru/resume/2c3cfbd9000448adbe0039ed1f4f4533556672
Системный администратор,https://hh.ru/resume/3e05303f00033046760039ed1f694b33377158
Системный администратор,https://hh.ru/resume/44c6a9b20001c84c200039ed1f484e4e704767
Системный администратор,https://hh.ru/resume/be9f729c0000c16a550039ed1f30704c30734c
Системный администратор,https://hh.ru/resume/ec3965d100038a992d0039ed1f64306c4f4d39
Системный администратор,https://hh.ru/resume/6ba34d72000314f1980039ed1f396f50736c4a
Системный администратор,https://hh.ru/resume/db0b4d92000764c6bf0039ed1f61334a727663
Системный администратор,https://hh.ru/resume/313d192c000531f1270039ed1f465575753131
Системный администратор,https://hh.ru/resume/e7263db30002af06cf0039ed1f6e4e4d325531
Системный администратор,https://hh.ru/resume/e7a47252000333d4140039ed1f427831694a4b
Системный администратор,https://hh.ru/resume/6e3efcdd00000ea99b0039ed1f736563726574
Системный администратор,https://hh.ru/resume/f0b2c6680005bcd8700039ed1f64546d7a6236
Системный администратор,https://hh.ru/resume/7077dd5200004e64310039ed1f736563726574
Системный администратор,https://hh.ru/resume/a5c12de6000204ebf80039ed1f355738694965
Системный администратор,https://hh.ru/resume/3b94b99700030e35540039ed1f447973526464
Системный администратор,https://hh.ru/resume/3317bcf60003eb2e060039ed1f4859756b7445
Системный администратор,https://hh.ru/resume/607c15270005a879820039ed1f5a6b716a6375
Системный администратор,https://hh.ru/resume/8b7c118b0000c5f7aa0039ed1f6b567834504d
Системный администратор,https://hh.ru/resume/a9e9bee20008c60f410039ed1f31424f677964
Системный администратор,https://hh.ru/resume/2c2df8110002b85b9a0039ed1f427163337945
Системный администратор,https://hh.ru/resume/13cfa18c00077bb4c00039ed1f45726d586e65
Системный администратор,https://hh.ru/resume/7acda6a90000a077220039ed1f736563726574
Системный администратор,https://hh.ru/resume/a5e672c30007730bd50039ed1f4f7a314c534d
Системный администратор,https://hh.ru/resume/51035627000199f6be0039ed1f57334e654e67
Системный администратор,https://hh.ru/resume/d906517f00013fd5a10039ed1f325549367458
Системный администратор,https://hh.ru/resume/4a410c340001286ca40039ed1f476c55386f30
Системный администратор,https://hh.ru/resume/f81ed6570003a200200039ed1f736c486a706d
Системный администратор,https://hh.ru/resume/30374be50005e992ef0039ed1f67536f7a6571
Системный администратор,https://hh.ru/resume/4f9d1d19000836fe4d0039ed1f516258385872
Системный администратор,https://hh.ru/resume/07ba430e0003ae17460039ed1f4c5a54527159
Системный администратор,https://hh.ru/resume/4a01d4ce000455cc6b0039ed1f453753457773
Системный администратор,https://hh.ru/resume/6a4cfdbe0001d9c4c40039ed1f473531656957
Системный администратор,https://hh.ru/resume/02a83bbc0003561d590039ed1f4d4533775475
Системный администратор,https://hh.ru/resume/3d13ba7500007dc2480039ed1f736563726574
Системный администратор,https://hh.ru/resume/96712e1f00033ad3d10039ed1f6e7664325a34
Системный администратор,https://hh.ru/resume/7632d28a0000d762ee0039ed1f6d7669746836
Системный администратор,https://hh.ru/resume/a0c46a7f00008197660039ed1f736563726574
Системный администратор,https://hh.ru/resume/aba419480002fc89040039ed1f6f6a52785473
Системный администратор,https://hh.ru/resume/defb60e0000269cc7f0039ed1f723653394733
Системный администратор,https://hh.ru/resume/b9d9665600070d2c900039ed1f7358304e3443
Системный администратор,https://hh.ru/resume/06bc8410000247f1ca0039ed1f694859513933
Системный администратор,https://hh.ru/resume/4de5405f000786dd3f0039ed1f614e7342544c
Системный администратор,https://hh.ru/resume/95bb34e8000157a9ba0039ed1f31566d59795a
Системный администратор,https://hh.ru/resume/b0417f9f00003287cc0039ed1f736563726574
Системный администратор,https://hh.ru/resume/6cc2f7470003f31de00039ed1f6e7135493262
Системный администратор,https://hh.ru/resume/8e3dd74100075aa46a0039ed1f4b6e78473731
Системный администратор,https://hh.ru/resume/336cf40200016266990039ed1f785a415a7831
Системный администратор,https://hh.ru/resume/e1261c410002f2d67c0039ed1f586e7743776d
Системный администратор,https://hh.ru/resume/d32a037a0007c0fb320039ed1f6c6772695036
Системный администратор,https://hh.ru/resume/5094fdc50001a0d5140039ed1f444b334b4d53
Системный администратор,https://hh.ru/resume/7f1241670000cdecee0039ed1f45336a474d4f
Системный администратор,https://hh.ru/resume/c504b86100071cbdee0039ed1f487678497035
Системный администратор,https://hh.ru/resume/620f3917000812eb780039ed1f443953615430
Системный администратор,https://hh.ru/resume/dbc0c84400022db83d0039ed1f566b79504141
Системный администратор,https://hh.ru/resume/7797d4f20000adfd2d0039ed1f736563726574
Системный администратор,https://hh.ru/resume/f346485400027d2c920039ed1f627654624643
Системный администратор,https://hh.ru/resume/adfabf950002d4224b0039ed1f794a6844747a
Системный администратор,https://hh.ru/resume/0997f7f40002476beb0039ed1f4d42456d7845
Системный администратор,https://hh.ru/resume/bd9cd12a0003b47a120039ed1f704941665838
Системный администратор,https://hh.ru/resume/12efdb8a000221f5870039ed1f6c3836766435
Системный администратор,https://hh.ru/resume/66a83bf800006d14440039ed1f736563726574
Системный администратор,https://hh.ru/resume/9142823d0004818bff0039ed1f6f3673525949
Системный администратор,https://hh.ru/resume/d69d857f0001a1b2bb0039ed1f433045654b41
Системный администратор,https://hh.ru/resume/20040fcf00055e85400039ed1f5377496d7647
Системный администратор,https://hh.ru/resume/689d64cc00079bae7d0039ed1f4c7363536f73
Системный администратор,https://hh.ru/resume/f85b8a3900049bcd540039ed1f657852673748
Системный администратор,https://hh.ru/resume/7b708c8c00022a79460039ed1f343845475379
Системный администратор,https://hh.ru/resume/44fc10bb0000be28fb0039ed1f736563726574
Системный администратор,https://hh.ru/resume/3bdf61db00025346650039ed1f456a78663653
Системный администратор,https://hh.ru/resume/92f528350008540bc20039ed1f5a4e6f686769
Системный администратор,https://hh.ru/resume/c456d68800080547660039ed1f444d66553532
Системный администратор,https://hh.ru/resume/0aa72ddf000191d3000039ed1f7943684b4f50
Системный администратор,https://hh.ru/resume/bd1a84980001a391570039ed1f7275716e674b
Системный администратор,https://hh.ru/resume/1ce27126000263efac0039ed1f624f674f6678
Системный администратор,https://hh.ru/resume/badba92c0001d334300039ed1f306f755a6479
Системный администратор,https://hh.ru/resume/1fa7d99900001494120039ed1f736563726574
Системный администратор,https://hh.ru/resume/d9fcf7640003804c140039ed1f596857474138
Системный администратор,https://hh.ru/resume/6fe9d3e30002e6d0c50039ed1f4946526c5773
Системный администратор,https://hh.ru/resume/039c4de100037bd5ee0039ed1f6778694c414c
Системный администратор,https://hh.ru/resume/37c5df81000749b40d0039ed1f514675446d4b
Системный администратор,https://hh.ru/resume/de4386e700006778770039ed1f736563726574
Системный администратор,https://hh.ru/resume/1d64d7730004e0a8490039ed1f6d5834764850
Системный администратор,https://hh.ru/resume/53f66ed000015101480039ed1f4f6b55567a78
Системный администратор,https://hh.ru/resume/e998a36c0002e4be2b0039ed1f4a6f666e516c
Системный администратор,https://hh.ru/resume/24e00fb200085b6c8b0039ed1f32454676416f
Системный администратор,https://hh.ru/resume/2b2dd3e8000357cfd30039ed1f433561474578
Системный администратор,https://hh.ru/resume/1925131800021d210c0039ed1f41675a6e6e50
Системный администратор,https://hh.ru/resume/0c11b0420000089da10039ed1f736563726574
Системный администратор,https://hh.ru/resume/4ad2f25b000098d2840039ed1f736563726574
Системный администратор,https://hh.ru/resume/015838140000042d8b0039ed1f736563726574
Системный администратор,https://hh.ru/resume/711796560005b93f7f0039ed1f695a61664142
Системный администратор,https://hh.ru/resume/b1ef506600025057970039ed1f6c4354526c34
Системный администратор,https://hh.ru/resume/61e1991b00082db6d50039ed1f4b44494f7a55
Системный администратор,https://hh.ru/resume/20dc6cc9000341a8020039ed1f7231364f6777
Системный администратор,https://hh.ru/resume/490d8a710005840a810039ed1f4c3043776a32
Системный администратор,https://hh.ru/resume/cc98eb1c0000d0be4d0039ed1f444532613056
Системный администратор,https://hh.ru/resume/10a121c500030551780039ed1f5a37487a7045
Системный администратор,https://hh.ru/resume/211bbba700027ec6060039ed1f6c314251694b
Системный администратор,https://hh.ru/resume/edff270600074ecb950039ed1f525378516936
Системный администратор,https://hh.ru/resume/ea81ac6e0005e52a120039ed1f4a6a4f51796d
Системный администратор,https://hh.ru/resume/0e2ec3160002ce6bbb0039ed1f6c5558675063
Системный администратор,https://hh.ru/resume/4a6f67fb0005fdfea90039ed1f4f6d43476451
Системный администратор,https://hh.ru/resume/429a328c00050bdfb90039ed1f4c334f376e50
Системный администратор,https://hh.ru/resume/0ddd9a7000024688720039ed1f423031555250
Системный администратор,https://hh.ru/resume/e9b1defd00053b38820039ed1f6f5045484c30
Системный администратор,https://hh.ru/resume/18322d8d00025e90e50039ed1f6f3543756276
Системный администратор,https://hh.ru/resume/fd5638d00008cfc51f0039ed1f52476f4b3173
Системный администратор,https://hh.ru/resume/a86f419d0003b1686c0039ed1f376f77556668
Системный администратор,https://hh.ru/resume/c8855ac400001666d60039ed1f736563726574
Системный администратор,https://hh.ru/resume/2479c3c100027708700039ed1f335338705871
Системный администратор,https://hh.ru/resume/d05c089e00074050420039ed1f776957394272
Системный администратор,https://hh.ru/resume/7b2d3c9a000252ebdc0039ed1f323453316b50
Системный администратор,https://hh.ru/resume/20a41ec4000207488e0039ed1f797646704272
Системный администратор,https://hh.ru/resume/9718172600036ac68d0039ed1f4d3078517242
Системный администратор,https://hh.ru/resume/35eca21100029271ee0039ed1f346347746d78
Системный администратор,https://hh.ru/resume/9bbe621b00038f5b3c0039ed1f716a66373463
Системный администратор,https://hh.ru/resume/b2f4f8110002cc2cde0039ed1f4c434e707238
Системный администратор,https://hh.ru/resume/61ecaa0d0000272e650039ed1f736563726574
Системный администратор,https://hh.ru/resume/f61630dd0007260a670039ed1f6d524e487a57
Системный администратор,https://hh.ru/resume/185e02690000c0ccca0039ed1f755470465652
Системный администратор,https://hh.ru/resume/05ceeb4c00003d6c6a0039ed1f736563726574
Системный администратор,https://hh.ru/resume/56e4a6cc000082a57c0039ed1f736563726574
Системный администратор,https://hh.ru/resume/45d45a150000cb62510039ed1f7434354f4f73
Системный администратор,https://hh.ru/resume/dc680b860005a426200039ed1f686f734f4b71
Системный администратор,https://hh.ru/resume/0cfbd35300023ba9fc0039ed1f31516e724468
Системный администратор,https://hh.ru/resume/0533e3ba0002c96fc90039ed1f4b5461446d41
Системный администратор,https://hh.ru/resume/5a724c6a00034677630039ed1f435243585275
Системный администратор,https://hh.ru/resume/8cfa23c500007933900039ed1f736563726574
Системный администратор,https://hh.ru/resume/f1fdc5be0001a915cc0039ed1f647852515451
Системный администратор,https://hh.ru/resume/bd2677c800003e54c90039ed1f736563726574
Системный администратор,https://hh.ru/resume/61e946940001d957210039ed1f56724e72365a
Системный администратор,https://hh.ru/resume/46a22b8300038625730039ed1f4c555a52554f
Системный администратор,https://hh.ru/resume/3a8cc3b80005f2ff960039ed1f635376393963
Системный администратор,https://hh.ru/resume/9250e7f80001241cce0039ed1f71414b565651
Системный администратор,https://hh.ru/resume/92c1dbd40003a7f1c50039ed1f724545397335
Системный администратор,https://hh.ru/resume/0ab028f50008ead4aa0039ed1f666473674232
Системный администратор,https://hh.ru/resume/6009793600020575d00039ed1f4a4a576b594a
Системный администратор,https://hh.ru/resume/1594f69100008e77250039ed1f736563726574
Системный администратор,https://hh.ru/resume/b55491e2000069d26d0039ed1f736563726574
Системный администратор,https://hh.ru/resume/3e64aa88000821e63f0039ed1f304e486e4537
Системный администратор,https://hh.ru/resume/80e7b6d100010695bd0039ed1f4773364e7930
Системный администратор,https://hh.ru/resume/857ee1660001fe4f250039ed1f4d583336716a
Системный администратор,https://hh.ru/resume/af2a9830000215a4b80039ed1f3367555a5945
Системный администратор,https://hh.ru/resume/395eb1cf000032b9bf0039ed1f736563726574
Системный администратор,https://hh.ru/resume/e7ab0a8c0000b73bb60039ed1f736563726574
Системный администратор,https://hh.ru/resume/e30ce01e00009feadb0039ed1f736563726574
Системный администратор,https://hh.ru/resume/1466a278000021beaf0039ed1f736563726574
Системный администратор,https://hh.ru/resume/28994da90003eb69aa0039ed1f556d4732466f
Системный администратор,https://hh.ru/resume/50854e7d000434d3200039ed1f46715a474f62
Тестировщик,https://hh.ru/resume/dee536d2000500dfd30039ed1f504846524d37
Тестировщик,https://hh.ru/resume/bcf3678f00071582da0039ed1f6d4166566b75
Тестировщик,https://hh.ru/resume/1aafbd030001e6e5230039ed1f614267433757
Тестировщик,https://hh.ru/resume/4096eb140008665f3d0039ed1f7951744e4272
Тестировщик,https://hh.ru/resume/dd6af56500044357bd0039ed1f485746395a68
Тестировщик,https://hh.ru/resume/be21ad6900033ca3420039ed1f495743334c56
Тестировщик,https://hh.ru/resume/2094cd850008c178090039ed1f504d706e5675
Тестировщик,https://hh.ru/resume/4d0b1e3500082429980039ed1f67706f36706d
Тестировщик,https://hh.ru/resume/e1780b060004396d8d0039ed1f57333376456f
Тестировщик,https://hh.ru/resume/6cb05c5400009d23de0039ed1f736563726574
Тестировщик,https://hh.ru/resume/e72798140008e724240039ed1f613971344954
Тестировщик,https://hh.ru/resume/2c1ada1e0006f68f880039ed1f5239614e726a
Тестировщик,https://hh.ru/resume/167622b60003a83a010039ed1f4f78794a456e
Тестировщик,https://hh.ru/resume/dfc43a720008ca3adf0039ed1f314a75694a4f
Тестировщик,https://hh.ru/resume/680c7f900003ad934b0039ed1f735736737163
Тестировщик,https://hh.ru/resume/4767403800077ef1ee0039ed1f4e4b6c4d3237
Тестировщик,https://hh.ru/resume/f002cfbc00076ea6e10039ed1f775672477066
Тестировщик,https://hh.ru/resume/2b30a8ca0001d2a0070039ed1f6d3555706e47
Тестировщик,https://hh.ru/resume/06590b1a00028b02c80039ed1f7a456f6f495a
Тестировщик,https://hh.ru/resume/2cff0003000303a3bd0039ed1f525967557a73
Тестировщик,https://hh.ru/resume/93bf87890005b511e10039ed1f6d6144516736
Тестировщик,https://hh.ru/resume/7dbe80920003a45fb10039ed1f7942644d736b
Тестировщик,https://hh.ru/resume/0f14bb7000087959150039ed1f544477636151
Тестировщик,https://hh.ru/resume/303048ad0000000ffa0039ed1f736563726574
Тестировщик,https://hh.ru/resume/089d79f900031925960039ed1f344e37795a66
Тестировщик,https://hh.ru/resume/210772c600075be94b0039ed1f45336565545a
Тестировщик,https://hh.ru/resume/9635e3dc00024dfc980039ed1f3158774b5a33
Тестировщик,https://hh.ru/resume/53e3d0ec000352d5670039ed1f624873476831
Тестировщик,https://hh.ru/resume/d5c9b2880002be2a6a0039ed1f384e554e5548
Тестировщик,https://hh.ru/resume/7862dea3000036e0ad0039ed1f736563726574
Тестировщик,https://hh.ru/resume/992b91ce00021509f80039ed1f345470774732
Тестировщик,https://hh.ru/resume/c42786360002ac35530039ed1f4e72566c6634
Тестировщик,https://hh.ru/resume/3d72d4dc00009e21fa0039ed1f736563726574
Тестировщик,https://hh.ru/resume/5178dd0500024a64eb0039ed1f614457724c78
Тестировщик,https://hh.ru/resume/dc24e03c00075b624d0039ed1f784f554a4232
Тестировщик,https://hh.ru/resume/69ba87ba00089e5f7c0039ed1f78576a316d4b
Тестировщик,https://hh.ru/resume/0b7e90190005acf25d0039ed1f465672645a51
Тестировщик,https://hh.ru/resume/6bc8c8880000cda4300039ed1f327734313830
Тестировщик,https://hh.ru/resume/8c87a5550007e9bbc60039ed1f71686a664f4f
Тестировщик,https://hh.ru/resume/15ff172900003428450039ed1f736563726574
Тестировщик,https://hh.ru/resume/c0a1f0ee0003771fba0039ed1f503235767169
Тестировщик,https://hh.ru/resume/e568be0c00059d3ff90039ed1f72334d694d77
Тестировщик,https://hh.ru/resume/52eea89e0002023f640039ed1f6774546c3343
Тестировщик,https://hh.ru/resume/8234d72a0000a975220039ed1f736563726574
Тестировщик,https://hh.ru/resume/94ec1b9d00090d67340039ed1f4b6f676a4c34
Тестировщик,https://hh.ru/resume/6f051cd20002243a6b0039ed1f59586747534e
Тестировщик,https://hh.ru/resume/27775ee900002f0ad90039ed1f736563726574
Тестировщик,https://hh.ru/resume/458ae95c00073036e50039ed1f746a546a4667
Тестировщик,https://hh.ru/resume/a7420420000798514c0039ed1f754956534559
Тестировщик,https://hh.ru/resume/11729e61000192db720039ed1f35314c324231
Тестировщик,https://hh.ru/resume/a7ab228a00071df8eb0039ed1f4968414a4735
Тестировщик,https://hh.ru/resume/dec46753000896cd7f0039ed1f43374c775156
Тестировщик,https://hh.ru/resume/f107baea00020a57690039ed1f654b51414d41
Тестировщик,https://hh.ru/resume/028f709c000876a3e00039ed1f676d3645324f
Тестировщик,https://hh.ru/resume/0b4304f800024466c40039ed1f476d4974794f
Тестировщик,https://hh.ru/resume/009cf3be000009dc0a0039ed1f736563726574
Тестировщик,https://hh.ru/resume/d50d5b9a0003e120ed0039ed1f73494b304f4c
Тестировщик,https://hh.ru/resume/8143bd900003e3b0e60039ed1f4668774f3066
Тестировщик,https://hh.ru/resume/7205294900047c71900039ed1f553068584576
Тестировщик,https://hh.ru/resume/b173c2b500024434c60039ed1f614439564c4f
Тестировщик,https://hh.ru/resume/62d6330700022858bf0039ed1f71757770414a
Тестировщик,https://hh.ru/resume/8ea05d3500020beae00039ed1f714976456367
Тестировщик,https://hh.ru/resume/e6c383f20001bfa4340039ed1f52586b743347
Тестировщик,https://hh.ru/resume/9df7e7140004950f390039ed1f3867696e346a
Тестировщик,https://hh.ru/resume/a1a16adc000794778a0039ed1f555864326a62
Тестировщик,https://hh.ru/resume/64ef387600006b2b5e0039ed1f736563726574
Тестировщик,https://hh.ru/resume/2bae53bc00068b475d0039ed1f383061755250
Тестировщик,https://hh.ru/resume/38853bb00002fa97350039ed1f30304a337673
Тестировщик,https://hh.ru/resume/b2652fef00035437620039ed1f314d73373667
Тестировщик,https://hh.ru/resume/468d40240000e77b580039ed1f5a5741665a63
Тестировщик,https://hh.ru/resume/c865ce010002598c910039ed1f357572634842
Тестировщик,https://hh.ru/resume/6b2335f200035e1eed0039ed1f637530545334
Тестировщик,https://hh.ru/resume/cb66c3b700074583700039ed1f4436376b6a69
Тестировщик,https://hh.ru/resume/a04cc2af0006f9dcc80039ed1f646f55337066
Тестировщик,https://hh.ru/resume/17fe24ee000855f74b0039ed1f6a414f394b41
Тестировщик,https://hh.ru/resume/ec606c7800023763af0039ed1f553336546772
Тестировщик,https://hh.ru/resume/742fda0e000334a2540039ed1f536848575748
Тестировщик,https://hh.ru/resume/61ac11bc0002b3021a0039ed1f666758346869
Тестировщик,https://hh.ru/resume/55190e560005a64b6b0039ed1f6e665953416e
Тестировщик,https://hh.ru/resume/279f0b8f0003820aa70039ed1f524d44764635
Тестировщик,https://hh.ru/resume/b95fb8310008c597f20039ed1f35414a4e6d39
Тестировщик,https://hh.ru/resume/665b2d5a00013a2dde0039ed1f685a7336376d
Тестировщик,https://hh.ru/resume/27694c350004429ced0039ed1f656161614b79
Тестировщик,https://hh.ru/resume/07ff5ae400062b7ae80039ed1f79506f42436f
Тестировщик,https://hh.ru/resume/57b598120009333c6c0039ed1f444b30394f50
Тестировщик,https://hh.ru/resume/c108553200028915d80039ed1f573737617564
Тестировщик,https://hh.ru/resume/3dfaaebb0004ded0690039ed1f6c4552313741
Тестировщик,https://hh.ru/resume/597b57520007bf79f00039ed1f566b4d533777
Тестировщик,https://hh.ru/resume/aaff87e100013deb030039ed1f4651514a4548
Тестировщик,https://hh.ru/resume/cd88125e000895bc4d0039ed1f433454743564
Тестировщик,https://hh.ru/resume/0746cf850007e1fa140039ed1f535a474a556a
Тестировщик,https://hh.ru/resume/a00c305f00040193fc0039ed1f72736b523070
Тестировщик,https://hh.ru/resume/638f8e7200034e52ec0039ed1f717a50385341
Тестировщик,https://hh.ru/resume/ef37583b0005a8bf990039ed1f695857594637
Тестировщик,https://hh.ru/resume/c581ec5500040afc4e0039ed1f47345837776e
Тестировщик,https://hh.ru/resume/dc93193100050864800039ed1f6f757a373641
Тестировщик,https://hh.ru/resume/afcfa65e000628787f0039ed1f326b6d7a3065
Тестировщик,https://hh.ru/resume/1cd631ac00038410e70039ed1f344a42564259
Тестировщик,https://hh.ru/resume/d17bbd2900028efcfa0039ed1f526543505961
Тестировщик,https://hh.ru/resume/9e0366540002094de50039ed1f676d63316431
Тестировщик,https://hh.ru/resume/1a6aa7410008d8e2e80039ed1f333457423143
Тестировщик,https://hh.ru/resume/2306d297000275319a0039ed1f43696f765454
Тестировщик,https://hh.ru/resume/fdfa716100020c29480039ed1f503848464a36
Тестировщик,https://hh.ru/resume/e95853e70001638b1c0039ed1f4e327a4f7637
Тестировщик,https://hh.ru/resume/ff03429a0003cc154b0039ed1f6b5a4a323635
Тестировщик,https://hh.ru/resume/10b4f8350002411c4e0039ed1f343247493834
Тестировщик,https://hh.ru/resume/0af27c2f00032fe8260039ed1f6c327963584b
Тестировщик,https://hh.ru/resume/24beada20007235e0e0039ed1f543673664d31
Тестировщик,https://hh.ru/resume/d565d2d10001e31e960039ed1f416458446e67
Тестировщик,https://hh.ru/resume/b027976f0007fb063b0039ed1f6e544f736643
Тестировщик,https://hh.ru/resume/7730ec730007fc6e870039ed1f597447797067
Тестировщик,https://hh.ru/resume/b0b75d1a0003f908910039ed1f565462727041
Тестировщик,https://hh.ru/resume/e9e9d669000463222e0039ed1f4848676e7133
Тестировщик,https://hh.ru/resume/470119030004da00610039ed1f687432725074
Тестировщик,https://hh.ru/resume/11ef2897000388307e0039ed1f5261706a4b61
Тестировщик,https://hh.ru/resume/35f7ccd30007a061990039ed1f776e6f694a58
Тестировщик,https://hh.ru/resume/b2916b110001720ebe0039ed1f795a39675342
Тестировщик,https://hh.ru/resume/b3366bfd000142b00d0039ed1f64326c79567a
Тестировщик,https://hh.ru/resume/ab1b47030005c681d10039ed1f6b395832736e
Тестировщик,https://hh.ru/resume/3815f7160007e7c6540039ed1f69366a39657a
Тестировщик,https://hh.ru/resume/f262b30e00009e94c00039ed1f736563726574
Тестировщик,https://hh.ru/resume/c7460b6f000848709a0039ed1f4b796e394347
Тестировщик,https://hh.ru/resume/83d7a2a70008ad045c0039ed1f715062745369
Тестировщик,https://hh.ru/resume/57589fd30003f5e2470039ed1f55313467736d
Тестировщик,https://hh.ru/resume/4faa80980001ca20350039ed1f545078716f47
Тестировщик,https://hh.ru/resume/2a72281e00035537930039ed1f4f6333434258
Тестировщик,https://hh.ru/resume/479122ec00018a9d970039ed1f497263646134
Тестировщик,https://hh.ru/resume/a29192130002d9a9770039ed1f4e745a567838
Тестировщик,https://hh.ru/resume/bc80ebf20001de4eb30039ed1f78587a50556a
Тестировщик,https://hh.ru/resume/e42743cc0001b863390039ed1f66634949775a
Тестировщик,https://hh.ru/resume/2515040300050b729d0039ed1f504d4a314c75
Тестировщик,https://hh.ru/resume/aaaf0fea0001b3b1ca0039ed1f713745474d76
Тестировщик,https://hh.ru/resume/ad4704620001eb3ad00039ed1f543076414745
Тестировщик,https://hh.ru/resume/581e8a870003e763af0039ed1f455352454e59
Тестировщик,https://hh.ru/resume/3f90bdc2000837f46b0039ed1f394b51466f46
Тестировщик,https://hh.ru/resume/7d672dba00025f70580039ed1f563441434751
Тестировщик,https://hh.ru/resume/5e8fd68700001dbd240039ed1f736563726574
Тестировщик,https://hh.ru/resume/cc4c211d0001aa608d0039ed1f506a494f3958
Тестировщик,https://hh.ru/resume/d18b286a00002438050039ed1f736563726574
Тестировщик,https://hh.ru/resume/6c9cf9a700091ef96a0039ed1f506c79556562
Тестировщик,https://hh.ru/resume/ded4713c000618714a0039ed1f5a777a48624c
Тестировщик,https://hh.ru/resume/2e2106b200012d010e0039ed1f347348356a76
Тестировщик,https://hh.ru/resume/5337d20600023f64b90039ed1f7a4952376848
Тестировщик,https://hh.ru/resume/53bdb6850001f03acb0039ed1f416a47536641
Тестировщик,https://hh.ru/resume/1a029102000217fc240039ed1f786d46797974
Тестировщик,https://hh.ru/resume/e54f89b900038e0ee00039ed1f3648647a436f
Тестировщик,https://hh.ru/resume/d95d63e60007b84f580039ed1f50594e486577
Тестировщик,https://hh.ru/resume/eb39a90a00041f372a0039ed1f535466573667
Тестировщик,https://hh.ru/resume/2a5d268500080b81920039ed1f353365564e4c
Тестировщик,https://hh.ru/resume/33ab93660006275be70039ed1f6f57334c4655
Тестировщик,https://hh.ru/resume/1f0ba4b200016da93f0039ed1f787334376d52
Тестировщик,https://hh.ru/resume/71d99beb00087716dc0039ed1f327365395944
Тестировщик,https://hh.ru/resume/e8ca311c0005cab26c0039ed1f737939335167
Тестировщик,https://hh.ru/resume/25e745700008c4c7cd0039ed1f4143344a674b
Тестировщик,https://hh.ru/resume/7bec7feb000115bb8a0039ed1f486e42356c68
Тестировщик,https://hh.ru/resume/595e8fdf0001c8c0860039ed1f7772424e6f70
Тестировщик,https://hh.ru/resume/2294098500049070450039ed1f69374f794b58
Тестировщик,https://hh.ru/resume/c24a71200008383a3b0039ed1f4e3258683258
Тестировщик,https://hh.ru/resume/2c10f64e000828a9560039ed1f733051666e78
Тестировщик,https://hh.ru/resume/f0be49e10001d2585a0039ed1f3056516a4b76
Тестировщик,https://hh.ru/resume/092a52a30005a17f750039ed1f53466473746b
Тестировщик,https://hh.ru/resume/378ff62700002d3f2c0039ed1f736563726574
Тестировщик,https://hh.ru/resume/6cbc91060003e6c30d0039ed1f6d6573654e4b
Тестировщик,https://hh.ru/resume/2de155a20008c709c90039ed1f6a55476b5750
Тестировщик,https://hh.ru/resume/80b9acf00004357ed00039ed1f506d6e553544
Тестировщик,https://hh.ru/resume/bc50132c0003b7972b0039ed1f646173355536
Тестировщик,https://hh.ru/resume/a47279e900003071210039ed1f736563726574
Тестировщик,https://hh.ru/resume/ef95c98d00004a2c5d0039ed1f736563726574
Тестировщик,https://hh.ru/resume/298c59a80002ddd2190039ed1f4a4432686a6d
Тестировщик,https://hh.ru/resume/065be11e0005f4dab20039ed1f6e68476c5352
Тестировщик,https://hh.ru/resume/eef3138f00068247750039ed1f494849397a44
Тестировщик,https://hh.ru/resume/70e7c12d000289bc970039ed1f384a65647866
Тестировщик,https://hh.ru/resume/0fd09d9f0001c47d610039ed1f5242744d3349
Тестировщик,https://hh.ru/resume/c4d345080002dc9f540039ed1f5a4e36527754
Тестировщик,https://hh.ru/resume/dc14b4590000b898ec0039ed1f736563726574
Тестировщик,https://hh.ru/resume/d3f22b4c0002a463120039ed1f5543334d4342
Тестировщик,https://hh.ru/resume/261239030003ba58680039ed1f4356374e6778
Тестировщик,https://hh.ru/resume/bc52542d000132abbd0039ed1f50484d493469
Тестировщик,https://hh.ru/resume/e1c0a2d00001205e170039ed1f7945396e6131
Тестировщик,https://hh.ru/resume/f795652c0008141db60039ed1f764b726f476f
Тестировщик,https://hh.ru/resume/3b2f0e2b0001ef29bc0039ed1f747339535972
Тестировщик,https://hh.ru/resume/1936397f000361626c0039ed1f7633564f504e
Тестировщик,https://hh.ru/resume/b9162a6500032912170039ed1f726541303376
Тестировщик,https://hh.ru/resume/aedcffc200019f518b0039ed1f6a78676d5635
Тестировщик,https://hh.ru/resume/b52b40dc0004e54d0f0039ed1f496e754d524b
Тестировщик,https://hh.ru/resume/6cbc5bff0005753fa80039ed1f346951336f64
Тестировщик,https://hh.ru/resume/b8afc706000363d6c50039ed1f355439674537
Тестировщик,https://hh.ru/resume/3139639c000751c1430039ed1f4a4339766638
Тестировщик,https://hh.ru/resume/0bca1f0100044687970039ed1f564956343355
Тестировщик,https://hh.ru/resume/e0afb63b00029c6c440039ed1f52694b4e6533
Тестировщик,https://hh.ru/resume/5c3ceefc00040dffb20039ed1f6d5174534d4a
Тестировщик,https://hh.ru/resume/be7954810002bd5aa30039ed1f4b46494c5879
Тестировщик,https://hh.ru/resume/20cbfa100005904d5b0039ed1f30527a4d4f4d
Тестировщик,https://hh.ru/resume/c4de7edd0006e31d740039ed1f477a616b795a
Тестировщик,https://hh.ru/resume/f5673fff00073af2950039ed1f54556641744e
Тестировщик,https://hh.ru/resume/b2fee8bd00059604380039ed1f337956485749
Тестировщик,https://hh.ru/resume/9a63eb8200088dca900039ed1f547764667249
Тестировщик,https://hh.ru/resume/5ff070b5000487834d0039ed1f666142383872
Тестировщик,https://hh.ru/resume/649f3a2b0000ce1a2e0039ed1f35626939524f
Тестировщик,https://hh.ru/resume/718fb77e000356c5a90039ed1f724f4a753078
Тестировщик,https://hh.ru/resume/fd2f62f10000a680170039ed1f736563726574
Тестировщик,https://hh.ru/resume/ac2db3ac00083e65dd0039ed1f6573306a5045
Тестировщик,https://hh.ru/resume/f987008b0001d626590039ed1f574f7a516352
Тестировщик,https://hh.ru/resume/f8cd29d40005d4668b0039ed1f465243507257
Тестировщик,https://hh.ru/resume/22c9a920000033e43c0039ed1f736563726574
Тестировщик,https://hh.ru/resume/7d8ab57800065610f70039ed1f6b4d664d6764
Тестировщик,https://hh.ru/resume/13abd692000402464f0039ed1f6f735962564e
Тестировщик,https://hh.ru/resume/2e9ba6a10001d9e67a0039ed1f6b424e47794b
Тестировщик,https://hh.ru/resume/5805a13400020b93a50039ed1f4d6869443445
Тестировщик,https://hh.ru/resume/6441079100060a7b480039ed1f4c796a785757
Тестировщик,https://hh.ru/resume/1f285adb0003df4b360039ed1f574e316a7275
Тестировщик,https://hh.ru/resume/181761fa000258c1840039ed1f36786d615252
Тестировщик,https://hh.ru/resume/f7eb560500031ba2e50039ed1f44456a6c3050
Тестировщик,https://hh.ru/resume/4eb2ce630007e8c9740039ed1f33313961664c
Тестировщик,https://hh.ru/resume/afc6ea0200050be5a60039ed1f337969754351
Тестировщик,https://hh.ru/resume/bee38b020001b87f790039ed1f753569655a6a
Тестировщик,https://hh.ru/resume/678d38f200040900bf0039ed1f56684a783136
Тестировщик,https://hh.ru/resume/e0cfdacd000288279c0039ed1f4b5836695770
Тестировщик,https://hh.ru/resume/b905b8e100082f4ab70039ed1f704673335170
Тестировщик,https://hh.ru/resume/73c73df60004380d6e0039ed1f516345614276
Тестировщик,https://hh.ru/resume/a6ca6fe400078522c60039ed1f3835724c6557
Тестировщик,https://hh.ru/resume/d459547d0000ecc7e10039ed1f51616b427137
Тестировщик,https://hh.ru/resume/b60cd7dc000374afb30039ed1f4866334f554c
Тестировщик,https://hh.ru/resume/303457360007489ff50039ed1f71344a494c49
Тестировщик,https://hh.ru/resume/a263d59900022bba260039ed1f727244425056
Тестировщик,https://hh.ru/resume/a115f7b50005e37dcc0039ed1f6854515a3154
Тестировщик,https://hh.ru/resume/f3f888300006971bef0039ed1f62626d743859
Тестировщик,https://hh.ru/resume/6c42763500022c661e0039ed1f454c57796334
Тестировщик,https://hh.ru/resume/9afbc6430004f6d6020039ed1f587658515074
Тестировщик,https://hh.ru/resume/5525b71b00044ee9f40039ed1f536e586b6753
Тестировщик,https://hh.ru/resume/e788b18d0000a982b90039ed1f736563726574
Тестировщик,https://hh.ru/resume/3d17955100043fd8a40039ed1f4c7a4d753334
Тестировщик,https://hh.ru/resume/108f76610008929c2f0039ed1f4264656b4b64
Тестировщик,https://hh.ru/resume/b84480ea00014a11400039ed1f504d444c7975
Тестировщик,https://hh.ru/resume/77e5bbc6000338153b0039ed1f436935724f47
Тестировщик,https://hh.ru/resume/98a516550008ff0de60039ed1f79783149726e
Тестировщик,https://hh.ru/resume/40da209e0000b5196d0039ed1f736563726574
Тестировщик,https://hh.ru/resume/5f6072af000611d5340039ed1f554f7869644e
Тестировщик,https://hh.ru/resume/874001f6000376c2be0039ed1f4a466f6a6e38
Тестировщик,https://hh.ru/resume/6e80ef440008cc2b600039ed1f473767763675
Тестировщик,https://hh.ru/resume/d0c81e220002ec6aa00039ed1f315177536b68
Тестировщик,https://hh.ru/resume/e97eab5100009e46ba0039ed1f736563726574
Тестировщик,https://hh.ru/resume/a0b7c1a40000fb3c150039ed1f567173304654
Тестировщик,https://hh.ru/resume/e9a8d57c00040aca8d0039ed1f4f5042616e78
Тестировщик,https://hh.ru/resume/4eb26cb3000730bb140039ed1f643965695270
Тестировщик,https://hh.ru/resume/853a0cb1000737b9900039ed1f353157546a59
Тестировщик,https://hh.ru/resume/6d31e049000204851f0039ed1f306f72545054
Тестировщик,https://hh.ru/resume/2ed02d180003ba3ce10039ed1f634d4a684c51
Тестировщик,https://hh.ru/resume/963f1dcb000468a5500039ed1f6f794563444c
Тестировщик,https://hh.ru/resume/7809d216000142a3f90039ed1f7164354f6734
Тестировщик,https://hh.ru/resume/7b1277ce000912f6b00039ed1f4c4947756f4c
Тестировщик,https://hh.ru/resume/551d146700016d721e0039ed1f65574c64764b
Тестировщик,https://hh.ru/resume/5595e30600034fc0e10039ed1f684b55595665
Тестировщик,https://hh.ru/resume/1155a0e00005a723680039ed1f6b4e336b4c79
Тестировщик,https://hh.ru/resume/67414d8d00012019120039ed1f5363674e4d52
Тестировщик,https://hh.ru/resume/37fc1591000463748f0039ed1f6159484e5048
Тестировщик,https://hh.ru/resume/563110d500018162ca0039ed1f716361734d37
Тестировщик,https://hh.ru/resume/4bbd1cf800040f5bcb0039ed1f754d6155614a
Тестировщик,https://hh.ru/resume/068792c600036967d00039ed1f5272744c7231
Тестировщик,https://hh.ru/resume/40ae510b00059ec0d80039ed1f787465495675
Тестировщик,https://hh.ru/resume/57c73c3900090991360039ed1f514142675445
Тестировщик,https://hh.ru/resume/c07dece900070f677e0039ed1f786156755745
Тестировщик,https://hh.ru/resume/4a7d75e800019224a10039ed1f4d4278774e56
Тестировщик,https://hh.ru/resume/1b82428b0004fc99810039ed1f306871756541
Тестировщик,https://hh.ru/resume/f9151cdb0008a923d20039ed1f68557a383572
Тестировщик,https://hh.ru/resume/5d3814cc0001e6b1c60039ed1f423863434645
Тестировщик,https://hh.ru/resume/347f766800024565c10039ed1f675a7a597477
Тестировщик,https://hh.ru/resume/11ea7ea500039d97d70039ed1f6750494b6d61
Тестировщик,https://hh.ru/resume/b2afd1090004dad48d0039ed1f73694875646f
Водитель,https://hh.ru/resume/472d5aca00007d0be80039ed1f736563726574
Водитель,https://hh.ru/resume/91c032460002867abe0039ed1f555346315875
Водитель,https://hh.ru/resume/60268cfd00072763b30039ed1f4b39536c5830
Водитель,https://hh.ru/resume/f16786370004e844c50039ed1f743861734333
Водитель,https://hh.ru/resume/84f1824e000203d77b0039ed1f615579533476
Водитель,https://hh.ru/resume/6af9a9f40001ad4f220039ed1f716c44624543
Водитель,https://hh.ru/resume/96c096160001b3ba930039ed1f39684a305659
Водитель,https://hh.ru/resume/7249cde20005edfb260039ed1f633571794e76
Водитель,https://hh.ru/resume/c7e4f0850001d4516e0039ed1f78476b736164
Водитель,https://hh.ru/resume/74819e1a000476bedc0039ed1f4a6166516761
Водитель,https://hh.ru/resume/257e20210007083fb70039ed1f57756f534674
Водитель,https://hh.ru/resume/eff4780a0001eaf3cd0039ed1f6d37547a6958
Водитель,https://hh.ru/resume/9bbf8cae0006deecfe0039ed1f535559464b57
Водитель,https://hh.ru/resume/ad00441d0003107e3e0039ed1f385969384165
Водитель,https://hh.ru/resume/d5f097f900020dcc440039ed1f5162764c6b50
Водитель,https://hh.ru/resume/69cd21ed0007baf88d0039ed1f44337a46454d
Водитель,https://hh.ru/resume/0a60da7d0005e08f730039ed1f504b69674248
Водитель,https://hh.ru/resume/a407ed3a0002411a670039ed1f6c5936666c58
Водитель,https://hh.ru/resume/e18a538d0001b7dab30039ed1f75713035554c
Водитель,https://hh.ru/resume/852c371c000582899a0039ed1f5a32506b4474
Водитель,https://hh.ru/resume/54ed329b0000bac9150039ed1f736563726574
Водитель,https://hh.ru/resume/0b36c0db000928c1aa0039ed1f777159593566
Водитель,https://hh.ru/resume/dbc96f10000159ce410039ed1f4735736a4b30
Водитель,https://hh.ru/resume/b6576a770005cca6fe0039ed1f653133794964
Водитель,https://hh.ru/resume/3f4e2dea000482a3ec0039ed1f5457705a4354
Водитель,https://hh.ru/resume/020b6b8b00056e9efe0039ed1f72336374506c
Водитель,https://hh.ru/resume/cf9163840002f3438f0039ed1f366c7a484337
Водитель,https://hh.ru/resume/bc365dce00022cadac0039ed1f69794c65466a
Водитель,https://hh.ru/resume/d8534a4a00013b8a6c0039ed1f464d32367a6e
Водитель,https://hh.ru/resume/cc91d3160002946e280039ed1f68564d485776
Водитель,https://hh.ru/resume/729db2d90000a1a2b70039ed1f736563726574
Водитель,https://hh.ru/resume/b2ff138d0001dd99dd0039ed1f63565a757379
Водитель,https://hh.ru/resume/d230984d0000cce5780039ed1f595355523750
Водитель,https://hh.ru/resume/48b1060200064a606c0039ed1f4a596c593450
Водитель,https://hh.ru/resume/e83bf9e3000329e2e80039ed1f433850344f38
Водитель,https://hh.ru/resume/4fdaada70000c5cb8d0039ed1f3649566a774e
Водитель,https://hh.ru/resume/a054f50100026acd1b0039ed1f6d3759557952
Водитель,https://hh.ru/resume/2d6d4e400000cf908e0039ed1f796839376361
Водитель,https://hh.ru/resume/f17733df00057b155b0039ed1f383648626353
Водитель,https://hh.ru/resume/7f06374d000894c77b0039ed1f523338784756
Водитель,https://hh.ru/resume/3696090500008b262c0039ed1f736563726574
Водитель,https://hh.ru/resume/37e53d6a0004fc2c1b0039ed1f42534d6e3654
Водитель,https://hh.ru/resume/3976f0060000e5bcaf0039ed1f4534706b5638
Водитель,https://hh.ru/resume/1acf50350002e8e8240039ed1f675a5a577037
Водитель,https://hh.ru/resume/b3968245000069c4e20039ed1f736563726574
Водитель,https://hh.ru/resume/f3e6182400055bb86b0039ed1f5574614e324d
Водитель,https://hh.ru/resume/29500ac70006468e7d0039ed1f324d51685836
Водитель,https://hh.ru/resume/448ba70900002f78590039ed1f736563726574
Водитель,https://hh.ru/resume/1e59d36a0005096e710039ed1f52627232455a
Водитель,https://hh.ru/resume/afb360510003a2348b0039ed1f727462696645
Водитель,https://hh.ru/resume/7170585f00001b97ab0039ed1f736563726574
Водитель,https://hh.ru/resume/d868256b00029d765c0039ed1f63554f477433
Водитель,https://hh.ru/resume/b884020d000794fa2b0039ed1f6c516a456b30
Водитель,https://hh.ru/resume/2c724c6a00034d50fb0039ed1f525450707259
Водитель,https://hh.ru/resume/409bd81b00026adc1e0039ed1f707631524833
Водитель,https://hh.ru/resume/67c36f2200087bfb8d0039ed1f4673326a584b
Водитель,https://hh.ru/resume/232d536300047826490039ed1f466f4b59684a
Водитель,https://hh.ru/resume/c6fe217c0002f3ef660039ed1f4c4164733361
Водитель,https://hh.ru/resume/f119df2a0006ba3fd20039ed1f70794631374e
Водитель,https://hh.ru/resume/1ec3a41800063abd630039ed1f6a756c634a70
Водитель,https://hh.ru/resume/18e92fb00003b43a350039ed1f334a7635586a
Водитель,https://hh.ru/resume/e42d1e3d00071d193f0039ed1f335234554d4c
Водитель,https://hh.ru/resume/9e85864800028b8e760039ed1f343173637473
Водитель,https://hh.ru/resume/5cf6d27e0008b168a70039ed1f594836523039
Водитель,https://hh.ru/resume/d0b6483d00053d1ef30039ed1f6a366b707556
Водитель,https://hh.ru/resume/a2b77706000724bbe30039ed1f426e596a7452
Водитель,https://hh.ru/resume/b686ecb4000226fa890039ed1f4359364e6a56
Водитель,https://hh.ru/resume/ed98a553000399197b0039ed1f584e4f734933
Водитель,https://hh.ru/resume/a9b78ab60003951ea00039ed1f436c62716941
Водитель,https://hh.ru/resume/22e1387c000313adbe0039ed1f48546d6b3369
Водитель,https://hh.ru/resume/4a31a76e0005b7acf40039ed1f5a7038624d30
Водитель,https://hh.ru/resume/6a78359000052a469e0039ed1f4170754d5442
Водитель,https://hh.ru/resume/54cdb71600004acba10039ed1f736563726574
Водитель,https://hh.ru/resume/152c0e8f0000c38bb30039ed1f4841394e715a
Водитель,https://hh.ru/resume/e56439230005a467370039ed1f436454443341
Водитель,https://hh.ru/resume/9c5eef1900025f154c0039ed1f633773366f55
Водитель,https://hh.ru/resume/189c79c20003f246550039ed1f73504c4c574a
Водитель,https://hh.ru/resume/1b09a6b7000296e8c60039ed1f6d455335755a
Водитель,https://hh.ru/resume/daccf3dc00009f66210039ed1f736563726574
Водитель,https://hh.ru/resume/d3618e9a000643849f0039ed1f566d49514b4a
Водитель,https://hh.ru/resume/5750547f0003753f8f0039ed1f6c303357654b
Водитель,https://hh.ru/resume/2f8100ea00078073e50039ed1f376169433938
Водитель,https://hh.ru/resume/89d7b83e00028441640039ed1f574676585246
Водитель,https://hh.ru/resume/518682250003fda7b90039ed1f3058514c304d
Водитель,https://hh.ru/resume/2a9b3995000239f6ae0039ed1f4d6f6c4e4c6b
Водитель,https://hh.ru/resume/b17527e50005bcc1090039ed1f7433574d3566
Водитель,https://hh.ru/resume/229f85100003fc3c4f0039ed1f445a4f304b32
Водитель,https://hh.ru/resume/6fa90ad00000b316510039ed1f736563726574
Водитель,https://hh.ru/resume/2a5a21de000663f1650039ed1f78616c346f69
Водитель,https://hh.ru/resume/3e36984a00016f384e0039ed1f33454f527172
Водитель,https://hh.ru/resume/6f071b9900030778490039ed1f63734f526345
Водитель,https://hh.ru/resume/f72f27ea00041da5f40039ed1f6a7345424874
Водитель,https://hh.ru/resume/db81c2660004f2bbe70039ed1f626f53477976
Водитель,https://hh.ru/resume/312e245f000383d32d0039ed1f30384f61724b
Водитель,https://hh.ru/resume/6d7d937300008b1ac20039ed1f736563726574
Водитель,https://hh.ru/resume/e8fea3130003deb6fe0039ed1f7154596f434d
Водитель,https://hh.ru/resume/cd2978c2000103785f0039ed1f7a53386a5770
Водитель,https://hh.ru/resume/f697c455000046470c0039ed1f736563726574
Водитель,https://hh.ru/resume/d4173d6500085ab96b0039ed1f707265553556
Водитель,https://hh.ru/resume/27538de900021f97190039ed1f6b554a743576
Водитель,https://hh.ru/resume/d87dd6b2000073b76c0039ed1f736563726574
Водитель,https://hh.ru/resume/eb737b91000369f9480039ed1f694e5659536b
Водитель,https://hh.ru/resume/c4385081000601b22a0039ed1f493961455646
Водитель,https://hh.ru/resume/3f165a28000099772f0039ed1f736563726574
Водитель,https://hh.ru/resume/b9f01ca4000813d8c30039ed1f417854624530
Водитель,https://hh.ru/resume/bb726f550003be47f20039ed1f525234455766
Водитель,https://hh.ru/resume/d1463c7b000155c2fa0039ed1f4a6143615056
Водитель,https://hh.ru/resume/0096a22c0008f9785f0039ed1f65695276716a
Водитель,https://hh.ru/resume/a3badc9100020750990039ed1f634a65563169
Водитель,https://hh.ru/resume/c9e972a000039654ee0039ed1f6e78356a4f32
Водитель,https://hh.ru/resume/68b640520001e4766b0039ed1f63653761794d
Водитель,https://hh.ru/resume/346943750002ad1f280039ed1f6a4f32347333
Водитель,https://hh.ru/resume/8d0c03240003ead0d30039ed1f424e42675978
Водитель,https://hh.ru/resume/f24e72800000c2928c0039ed1f574e45707149
Водитель,https://hh.ru/resume/bbbea0ed00022516020039ed1f76436d674873
Водитель,https://hh.ru/resume/b06c38040008d521420039ed1f324c526f4f7a
Водитель,https://hh.ru/resume/3ad5e2f80003f2d7520039ed1f734137525a57
Водитель,https://hh.ru/resume/484204a90007b892da0039ed1f4839444f686b
Водитель,https://hh.ru/resume/d23961280002b63c920039ed1f536b38584f47
Водитель,https://hh.ru/resume/b4dae56b00043f30e90039ed1f32706d477157
Водитель,https://hh.ru/resume/7405f9f20003d494250039ed1f52584c6b4735
Водитель,https://hh.ru/resume/28e746cd00077cdbda0039ed1f42486c574c76
Водитель,https://hh.ru/resume/bbdb5bad0007811b4d0039ed1f703049514778
Водитель,https://hh.ru/resume/d9a4c347000807cde20039ed1f64334a325363
Водитель,https://hh.ru/resume/f02997040003e19e810039ed1f396d75644268
Водитель,https://hh.ru/resume/07f86a990005df630b0039ed1f56326249385a
Водитель,https://hh.ru/resume/1a7eb7b70000f879e50039ed1f467635635766
Водитель,https://hh.ru/resume/b20082d60002d575da0039ed1f7a466a543766
Водитель,https://hh.ru/resume/3cc43cd50004630ea50039ed1f6e466b736833
Водитель,https://hh.ru/resume/850cabc600075ec6140039ed1f426556305032
Водитель,https://hh.ru/resume/c4895b9b00061ff2ba0039ed1f35484261666a
Водитель,https://hh.ru/resume/e8bc1a6100071425aa0039ed1f426e56464b68
Водитель,https://hh.ru/resume/6e0e06990003b7ca200039ed1f643432737347
Водитель,https://hh.ru/resume/63d565be0002f1d6090039ed1f30527a49306a
Водитель,https://hh.ru/resume/897e66480005f46cb40039ed1f586646745556
Водитель,https://hh.ru/resume/abe7b78800059ce4350039ed1f4d6e51465a34
Водитель,https://hh.ru/resume/dcd0b3480000fef9980039ed1f67736a724c4e
Водитель,https://hh.ru/resume/ddb62d800001a4c12e0039ed1f614b326f6766
Водитель,https://hh.ru/resume/eefae56f0000e2995b0039ed1f4e644a346242
Водитель,https://hh.ru/resume/d4b0da6b0003d5e3590039ed1f514c4d307a4a
Водитель,https://hh.ru/resume/d4406531000226b1a30039ed1f647252476f59
Водитель,https://hh.ru/resume/8ba2f7a800050176450039ed1f474a70537271
Водитель,https://hh.ru/resume/d83f3de4000356a0330039ed1f59786f554a6e
Водитель,https://hh.ru/resume/e16c2f14000553c8cc0039ed1f537a654d4257
Водитель,https://hh.ru/resume/5f602ec60003c27cf00039ed1f625165304f43
Водитель,https://hh.ru/resume/aa57fa470003a8b47a0039ed1f583871634f6f
Водитель,https://hh.ru/resume/aeaba16f000145abaf0039ed1f33694c326647
Водитель,https://hh.ru/resume/afe4a9730002fd2d750039ed1f6237746c4e70
Водитель,https://hh.ru/resume/f3a67be00005c766f00039ed1f337536613241
Водитель,https://hh.ru/resume/5c6c927800023231340039ed1f4c6f35784646
Водитель,https://hh.ru/resume/c5652c8200078a06870039ed1f38647334674b
Водитель,https://hh.ru/resume/c63258570002aa47420039ed1f374b3933714b
Водитель,https://hh.ru/resume/a257cd9c00020274540039ed1f384541446e6f
Водитель,https://hh.ru/resume/91c1526b0008883c2e0039ed1f536279667442
Водитель,https://hh.ru/resume/aad8e53900007a436b0039ed1f736563726574
Водитель,https://hh.ru/resume/c35d6eac00020153420039ed1f547944796861
Водитель,https://hh.ru/resume/d62681b8000240fa910039ed1f655364353534
Водитель,https://hh.ru/resume/04fbc13900050316080039ed1f555164455467
Водитель,https://hh.ru/resume/ee17429600051259d10039ed1f6f7559656e41
Водитель,https://hh.ru/resume/d9b9e37c0001edb0de0039ed1f6a766e315535
Водитель,https://hh.ru/resume/d02efd7b0000c261b10039ed1f57785a6b5465
Водитель,https://hh.ru/resume/6194499b00014505370039ed1f5535546c3142
Водитель,https://hh.ru/resume/c5de318c0007a8428a0039ed1f4c4759744763
Водитель,https://hh.ru/resume/8f68e8db0004875aa50039ed1f315130755242
Водитель,https://hh.ru/resume/12d149e30002b7db110039ed1f576837644a70
Водитель,https://hh.ru/resume/e87eb1c10003935b500039ed1f656a5143755a
Водитель,https://hh.ru/resume/344511a3000069f1500039ed1f736563726574
Водитель,https://hh.ru/resume/24d110cb00058483d40039ed1f6e4b35424368
Водитель,https://hh.ru/resume/2fa16e830004cd65730039ed1f416b76426a77
Водитель,https://hh.ru/resume/bfdc90780003fd40d50039ed1f646d4e535671
Водитель,https://hh.ru/resume/79d0511d00088751c60039ed1f7866366a464c
Водитель,https://hh.ru/resume/3c37bf2600033dfb5f0039ed1f796a36524c54
Водитель,https://hh.ru/resume/59d544b50004816e030039ed1f305566495242
Водитель,https://hh.ru/resume/bb173b6600031de0f00039ed1f624e43657863
Водитель,https://hh.ru/resume/de83aab90001c8852f0039ed1f4a6a66755370
Водитель,https://hh.ru/resume/3a43612a00067c3fb70039ed1f78493255336e
Водитель,https://hh.ru/resume/c10d6dd000033274ce0039ed1f574d6b41504e
Водитель,https://hh.ru/resume/4a76a0d9000860ca3f0039ed1f685846713744
Водитель,https://hh.ru/resume/1e14397900031820ed0039ed1f414b44354d61
Водитель,https://hh.ru/resume/ab2b7ba1000847b16d0039ed1f6635357a4f71
Водитель,https://hh.ru/resume/12495f8f000593afdf0039ed1f556e61646a63
Водитель,https://hh.ru/resume/41b715650004d37cfe0039ed1f306a7a4a4b70
Водитель,https://hh.ru/resume/03ecbc6e00052cab780039ed1f584e38647436
Водитель,https://hh.ru/resume/2ec974d30002a17c630039ed1f34566573306e
Водитель,https://hh.ru/resume/42f065510003af4c9e0039ed1f486a3650305a
Водитель,https://hh.ru/resume/01e9e1950008c9458c0039ed1f745074716a79
Водитель,https://hh.ru/resume/8029c3560002469c590039ed1f417337317174
Водитель,https://hh.ru/resume/ef6737e70002c772e90039ed1f65554433385a
Водитель,https://hh.ru/resume/7c433cab0005fa97910039ed1f4e414e687435
Водитель,https://hh.ru/resume/f6a9b013000443911b0039ed1f6e37526b6b41
Водитель,https://hh.ru/resume/5524adb500060323720039ed1f435877755a4a
Водитель,https://hh.ru/resume/6d54509e00043662f20039ed1f5a71636c315a
Водитель,https://hh.ru/resume/8d57fcb30004d991d80039ed1f45683257336e
Водитель,https://hh.ru/resume/5e063f550001738fee0039ed1f437443777448
Водитель,https://hh.ru/resume/c61975810006e2f4ce0039ed1f62625038446b
Водитель,https://hh.ru/resume/65034fec00089d647d0039ed1f55707341546c
Водитель,https://hh.ru/resume/b63e68c4000492aff30039ed1f756d6d4e7143
Водитель,https://hh.ru/resume/619ea430000218e7be0039ed1f715663577836
Водитель,https://hh.ru/resume/1f24a9e9000213501f0039ed1f6d435034544b
Водитель,https://hh.ru/resume/265c759700092add3a0039ed1f673239657434
Водитель,https://hh.ru/resume/01c30a9700035731dd0039ed1f335873474432
Водитель,https://hh.ru/resume/3a30643c000385cf190039ed1f663538396744
Водитель,https://hh.ru/resume/97d9df2600041e6e130039ed1f524a63577a61
Водитель,https://hh.ru/resume/60fdf09f00001547050039ed1f736563726574
Водитель,https://hh.ru/resume/0279072c000302217e0039ed1f6d5a52545a70
Водитель,https://hh.ru/resume/6810fe9b00015fac0e0039ed1f79774d4a6b77
Водитель,https://hh.ru/resume/a488150400012fd00c0039ed1f5366476d6b41
Водитель,https://hh.ru/resume/51ead3940003f6af640039ed1f4c6854397632
Водитель,https://hh.ru/resume/7f2ea75d000272aecf0039ed1f496546423053
Водитель,https://hh.ru/resume/e948333500079dc4620039ed1f766170317a38
Водитель,https://hh.ru/resume/ea696d9900045dbd780039ed1f504d6666684e
Водитель,https://hh.ru/resume/c4d66d58000132035c0039ed1f646a7632796f
Водитель,https://hh.ru/resume/3b335d39000804fa690039ed1f7642574c6261
Водитель,https://hh.ru/resume/8a76b0a800028938c40039ed1f694b4c687032
Водитель,https://hh.ru/resume/db1ea8d0000449620b0039ed1f53684d535679
Водитель,https://hh.ru/resume/ba649d5d0005a715f40039ed1f527653704e47
Водитель,https://hh.ru/resume/d1fb950a00043a862c0039ed1f775738527875
Водитель,https://hh.ru/resume/ee1041da00051781640039ed1f5970304a5471
Водитель,https://hh.ru/resume/cbdc3f6e00055fd5ec0039ed1f553874525672
Водитель,https://hh.ru/resume/36211ec00008fa96e50039ed1f756e4b56534c
Водитель,https://hh.ru/resume/9a3b00eb00088672030039ed1f7a45777a7875
Водитель,https://hh.ru/resume/6594422e000813d3be0039ed1f445033594347
Водитель,https://hh.ru/resume/756a3fb70001080fee0039ed1f644d44575432
Водитель,https://hh.ru/resume/cc5aae5e0002fb45fc0039ed1f776f696b7745
Водитель,https://hh.ru/resume/dced85cd00081e69ad0039ed1f51414d77494e
Водитель,https://hh.ru/resume/b374437f00090471eb0039ed1f336c59666575
Водитель,https://hh.ru/resume/007cf2780005c15d070039ed1f673579433155
Водитель,https://hh.ru/resume/b09ae94a0006e01b1d0039ed1f356167386e54
Водитель,https://hh.ru/resume/b49c8c6300080d2ac00039ed1f426672327854
Водитель,https://hh.ru/resume/91cbde7d00016b600e0039ed1f566e485a4a4e
Водитель,https://hh.ru/resume/1f5740a10002da81eb0039ed1f7279674c7830
Водитель,https://hh.ru/resume/51c89cc300063a8c020039ed1f666378323366
Водитель,https://hh.ru/resume/edfe29c8000336742c0039ed1f3776614f5539
Водитель,https://hh.ru/resume/5cf5e9b800037e9bbe0039ed1f646947555670
Водитель,https://hh.ru/resume/45ae56d80008bdacef0039ed1f44306f534b6e
Водитель,https://hh.ru/resume/c06c523900038dbc380039ed1f3668484a314e
Водитель,https://hh.ru/resume/822cc35f00010668540039ed1f67344c354851
Водитель,https://hh.ru/resume/f38dbc670007b29a330039ed1f75654e63524d
Водитель,https://hh.ru/resume/2dc1d75e000837bf520039ed1f30414f544578
Водитель,https://hh.ru/resume/e1c5e8860002276d1f0039ed1f446c6e6e424c
Водитель,https://hh.ru/resume/c40cdafd000037d9550039ed1f736563726574
Водитель,https://hh.ru/resume/262ea4be00052e1d8e0039ed1f43335065667a
Водитель,https://hh.ru/resume/b30b36750000eca4950039ed1f4c5152386663
Водитель,https://hh.ru/resume/f373fb1c0000f41fcc0039ed1f4e524832316a
Водитель,https://hh.ru/resume/85b0070900056285fb0039ed1f343779344c78
Водитель,https://hh.ru/resume/167985710005c9c7170039ed1f4b3635436c73
Водитель,https://hh.ru/resume/a846706100007103710039ed1f736563726574
Водитель,https://hh.ru/resume/8b2afcf60007a406920039ed1f657a7738774a
Водитель,https://hh.ru/resume/f387daa200081316950039ed1f754667733177
Водитель,https://hh.ru/resume/6a52549800052ccd700039ed1f717655794536
Водитель,https://hh.ru/resume/ad8468fe0000a2cbeb0039ed1f736563726574
Водитель,https://hh.ru/resume/2257ca9800004760690039ed1f736563726574
Водитель,https://hh.ru/resume/6de236930002b99c870039ed1f5a4d63414b79
Водитель,https://hh.ru/resume/5580bb330003b108110039ed1f6e4d76443853
Водитель,https://hh.ru/resume/51cdcc3d000206c0060039ed1f534c46533776
Водитель,https://hh.ru/resume/73a543ec0006460fc90039ed1f58376b493577
Водитель,https://hh.ru/resume/f02f7b310008793fc20039ed1f59617166724d
Водитель,https://hh.ru/resume/026c9b7700008f791d0039ed1f736563726574
Водитель,https://hh.ru/resume/22b3e0d500009dc2f20039ed1f736563726574
Водитель,https://hh.ru/resume/ee6713350008b1941d0039ed1f7631707a3177
Водитель,https://hh.ru/resume/aceea2780000b6d8ce0039ed1f736563726574
Водитель,https://hh.ru/resume/a9074209000223d0fd0039ed1f625241664c7a
Водитель,https://hh.ru/resume/25872b6c0005df5e390039ed1f514763546e6d
Водитель,https://hh.ru/resume/56c240ab000132058a0039ed1f52754b6a4a70
Водитель,https://hh.ru/resume/5ea228b400029a5e010039ed1f434276447471
Водитель,https://hh.ru/resume/aaa294d7000615be3b0039ed1f51416c634230
Водитель,https://hh.ru/resume/6ca95d750005f94d7d0039ed1f617943666446
Водитель,https://hh.ru/resume/6e844833000296f5d10039ed1f736e6b6e304e
Водитель,https://hh.ru/resume/eb19f15c0008c802f50039ed1f6c6a6a6b4a78
Водитель,https://hh.ru/resume/e56802a800031188800039ed1f557776536676
Водитель,https://hh.ru/resume/a51826e10002e8c60d0039ed1f375832553878
Водитель,https://hh.ru/resume/68cb396300090254050039ed1f7a5563554e54
Водитель,https://hh.ru/resume/39a5ab9c000402a1120039ed1f5575704c7234
Водитель,https://hh.ru/resume/bb89f8f10002c7d1440039ed1f6a7347637865
Водитель,https://hh.ru/resume/af4bd35300014255cc0039ed1f514a486e6763
Водитель,https://hh.ru/resume/ba34bf1100046145570039ed1f786455586e33
Водитель,https://hh.ru/resume/2bde00280007c74e1a0039ed1f4d4d6e613467
Водитель,https://hh.ru/resume/3aea5ef300073dd2fb0039ed1f354d7953624f
Водитель,https://hh.ru/resume/a8fc06d500068763c90039ed1f70726c6f3534
Водитель,https://hh.ru/resume/618895bd0004f4c1570039ed1f4f5a337a4431
Водитель,https://hh.ru/resume/08920821000029567e0039ed1f736563726574
Водитель,https://hh.ru/resume/b96842f30000a3f7860039ed1f736563726574
Водитель,https://hh.ru/resume/bfaa18240002d3f76d0039ed1f7a4345793856
Водитель,https://hh.ru/resume/cf9845a0000021ad340039ed1f736563726574
Водитель,https://hh.ru/resume/dd5e2b510006db1e1b0039ed1f6b3265306746
Водитель,https://hh.ru/resume/c20cc91f0003650ec50039ed1f327a6b584f33
Водитель,https://hh.ru/resume/bfc5189e0001337a830039ed1f596755735439
Водитель,https://hh.ru/resume/f38a77ef0008e3fc7e0039ed1f5335534f6654
Водитель,https://hh.ru/resume/2314684e00041b5c5e0039ed1f644e6b784c31
Водитель,https://hh.ru/resume/d4e31c6200005aa7450039ed1f736563726574
Водитель,https://hh.ru/resume/ca9bc5ab00032aa5330039ed1f386259543663
Водитель,https://hh.ru/resume/54345a850008ec3bd80039ed1f317173375731
Водитель,https://hh.ru/resume/faafb62000086ce9a40039ed1f73776b735351
Водитель,https://hh.ru/resume/8f2182810008c9f2950039ed1f773273757433
Водитель,https://hh.ru/resume/92b27de30002f54bd10039ed1f62663046366d
Водитель,https://hh.ru/resume/8372a7520004cfe6470039ed1f556d62373736
Водитель,https://hh.ru/resume/2fa0150500052122740039ed1f516950475165
Водитель,https://hh.ru/resume/6d92f1d7000293e8e30039ed1f6c58425a6151
Водитель,https://hh.ru/resume/ced4b59c0002a083930039ed1f375552424859
Водитель,https://hh.ru/resume/6cdeaf71000653a0560039ed1f354f6b69327a
Водитель,https://hh.ru/resume/e84220ba0000fc2e220039ed1f3664706f6636
Водитель,https://hh.ru/resume/a547c5f50000b60c760039ed1f736563726574
Водитель,https://hh.ru/resume/eed3e79400045e00a10039ed1f465136767732
Водитель,https://hh.ru/resume/c3c9961f00021481ce0039ed1f50534d345137
Водитель,https://hh.ru/resume/9b7c5a5f00014fe4720039ed1f7a33474b396b
Водитель,https://hh.ru/resume/9a7eef900004f90e1b0039ed1f4c4970436676
Водитель,https://hh.ru/resume/b1c0cecd0002a443280039ed1f666f4f6a366b
